CodPro,SGE,status_A1,km_A1,n_vias_A1,ids_vias_A1,status_A2,km_A2,n_vias_A2,ids_vias_A2
OAE309,30001.0,encontrada,8.6734,1,BR-222,encontrada,8.6734,1,BR-222
OAE310,30002.0,encontrada,55.1376,13,BR-222;Rua Porfirio de Araujo;CE-341;OSM-primary_link;CE-341;BR-222;CE-085;CE-423;Rua Eretides Martins;Avenida Coronel Neco Martins,encontrada,55.1376,13,BR-222;Rua Porfirio de Araujo;CE-341;OSM-primary_link;CE-341;BR-222;CE-085;CE-423;Rua Eretides Martins;Avenida Coronel Neco Martins
OAE311,30003.0,encontrada,55.1352,13,BR-222;Rua Porfirio de Araujo;CE-341;OSM-primary_link;CE-341;BR-222;CE-085;CE-423;Rua Eretides Martins;Avenida Coronel Neco Martins,encontrada,55.1352,13,BR-222;Rua Porfirio de Araujo;CE-341;OSM-primary_link;CE-341;BR-222;CE-085;CE-423;Rua Eretides Martins;Avenida Coronel Neco Martins
OAE312,30004.0,encontrada,1.5193,3,CE-163;BR-222,encontrada,1.561,3,CE-163;BR-222
OAE313,30005.0,encontrada,19.6682,4,BR-020;OSM-tertiary;CE-187,encontrada,19.6682,4,BR-020;OSM-tertiary;CE-187
OAE314,30006.0,encontrada,2.714,7,BR-020;Avenida Coronel Vicente Alexandrino de Sousa;Avenida Monsenhor Juviniano Barreto;Rua Coronel Lourenço Feitosa;Rua Monsenhor Odorico de Andrade;Rua Júlio Gonçalves da Silva,encontrada,2.714,7,BR-020;Avenida Coronel Vicente Alexandrino de Sousa;Avenida Monsenhor Juviniano Barreto;Rua Coronel Lourenço Feitosa;Rua Monsenhor Odorico de Andrade;Rua Júlio Gonçalves da Silva
OAE315,30007.0,encontrada,170.2733,6,BR-020;CE-363;CE-168;OSM-tertiary;CE-587,encontrada,242.7435,13,BR-020;CE-363;CE-363;CE-168;OSM-tertiary;CE-060;CE-363;CE-060;BR-226;BR-226;CE-168;Rodovia Presidente Juscelino Kubitschek
OAE316,30008.0,encontrada,170.3238,6,BR-020;CE-363;CE-168;OSM-tertiary;CE-587,encontrada,242.7939,13,BR-020;CE-363;CE-363;CE-168;OSM-tertiary;CE-060;CE-363;CE-060;BR-226;BR-226;CE-168;Rodovia Presidente Juscelino Kubitschek
OAE317,30009.0,encontrada,170.3158,6,BR-020;CE-587;OSM-tertiary;CE-168;CE-363,encontrada,242.786,13,BR-020;Rodovia Presidente Juscelino Kubitschek;BR-226;BR-226;CE-168;CE-060;CE-060;CE-363;CE-363;OSM-tertiary;CE-363;CE-168
OAE318,30010.0,encontrada,170.3167,6,BR-020;CE-363;CE-168;OSM-tertiary;CE-587,encontrada,242.7869,13,BR-020;CE-363;CE-363;CE-168;OSM-tertiary;CE-060;CE-363;CE-060;BR-226;BR-226;CE-168;Rodovia Presidente Juscelino Kubitschek
OAE319,30011.0,encontrada,170.3253,6,BR-020;CE-363;CE-168;OSM-tertiary;CE-587,encontrada,242.7954,13,BR-020;CE-363;CE-363;CE-168;OSM-tertiary;CE-060;CE-363;CE-060;BR-226;BR-226;CE-168;Rodovia Presidente Juscelino Kubitschek
OAE320,30012.0,encontrada,170.3228,6,BR-020;CE-363;CE-168;OSM-tertiary;CE-587,encontrada,242.793,13,BR-020;CE-363;CE-363;CE-168;OSM-tertiary;CE-060;CE-363;CE-060;BR-226;BR-226;CE-168;Rodovia Presidente Juscelino Kubitschek
OAE321,30013.0,encontrada,125.569,10,BR-020;BR-226;Rodovia Presidente Juscelino Kubitschek;CE-168;Rua Balbina Vieira Almeida;CE-266;Rua Antônio Domingues;Rua Antônio Rocha Bezerra,encontrada,125.569,10,BR-020;BR-226;Rodovia Presidente Juscelino Kubitschek;CE-168;Rua Balbina Vieira Almeida;CE-266;Rua Antônio Domingues;Rua Antônio Rocha Bezerra
OAE322,30014.0,encontrada,125.6392,10,BR-020;BR-226;Rodovia Presidente Juscelino Kubitschek;CE-168;Rua Balbina Vieira Almeida;CE-266;Rua Antônio Domingues;Rua Antônio Rocha Bezerra,encontrada,125.6392,10,BR-020;BR-226;Rodovia Presidente Juscelino Kubitschek;CE-168;Rua Balbina Vieira Almeida;CE-266;Rua Antônio Domingues;Rua Antônio Rocha Bezerra
OAE323,30015.0,encontrada,125.634,10,BR-020;Rua Antônio Rocha Bezerra;Rua Antônio Domingues;CE-266;Rua Balbina Vieira Almeida;CE-168;BR-226;Rodovia Presidente Juscelino Kubitschek,encontrada,125.634,10,BR-020;Rua Antônio Rocha Bezerra;Rua Antônio Domingues;CE-266;Rua Balbina Vieira Almeida;CE-168;BR-226;Rodovia Presidente Juscelino Kubitschek
OAE324,30016.0,encontrada,125.6002,10,BR-020;BR-226;Rodovia Presidente Juscelino Kubitschek;CE-168;Rua Balbina Vieira Almeida;CE-266;Rua Antônio Domingues;Rua Antônio Rocha Bezerra,encontrada,125.6002,10,BR-020;BR-226;Rodovia Presidente Juscelino Kubitschek;CE-168;Rua Balbina Vieira Almeida;CE-266;Rua Antônio Domingues;Rua Antônio Rocha Bezerra
OAE325,30017.0,encontrada,2.3801,5,BR-020;Rua Antônio Rocha Bezerra;Rua Antônio Domingues;CE-266,encontrada,2.3801,5,BR-020;Rua Antônio Rocha Bezerra;Rua Antônio Domingues;CE-266
OAE326,30018.0,encontrada,9.167,5,BR-020;Avenida Antônio Costa Vieira;Rua Antônio Severo de Pinho;OSM-tertiary,encontrada,218.3756,14,BR-020;CE-265;CE-166;CE-060;OSM-tertiary;BR-226;BR-226;CE-168;CE-168;Rua Balbina Vieira Almeida;CE-266;Rua Agronomando Rangel;Rua Vinte e Um de Novembro;Rua Vinte Seis de Junho
OAE327,30019.0,encontrada,4.9809,8,BR-020;Avenida Raimundo Alconforado;Rua João Pinto Damasceno;Avenida Doutor Aramis Paiva;Avenida São Francisco;CE-257;OSM-trunk_link,encontrada,4.9809,8,BR-020;Avenida Raimundo Alconforado;Rua João Pinto Damasceno;Avenida Doutor Aramis Paiva;Avenida São Francisco;CE-257;OSM-trunk_link
OAE328,30020.0,encontrada,143.1682,11,BR-020;CE-257;CE-065;CE-065;CE-356;CE-356;Rua Joaquim Alves Nogueira;OSM-tertiary;CE-253;Avenida Coronel José Cícero Sampaio,encontrada,143.1682,11,BR-020;CE-257;CE-065;CE-065;CE-356;CE-356;Rua Joaquim Alves Nogueira;OSM-tertiary;CE-253;Avenida Coronel José Cícero Sampaio
OAE329,30021.0,encontrada,143.2094,11,BR-020;Avenida Coronel José Cícero Sampaio;CE-253;CE-356;OSM-tertiary;Rua Joaquim Alves Nogueira;CE-065;CE-356;CE-065;CE-257,encontrada,143.2094,11,BR-020;Avenida Coronel José Cícero Sampaio;CE-253;CE-356;OSM-tertiary;Rua Joaquim Alves Nogueira;CE-065;CE-356;CE-065;CE-257
OAE330,30022.0,encontrada,108.8464,9,BR-020;BR Velha;CE-253;CE-065;Rua Padre Quiliano;CE-155;CE-354,encontrada,108.8464,9,BR-020;BR Velha;CE-253;CE-065;Rua Padre Quiliano;CE-155;CE-354
OAE331,30023.0,encontrada,86.9483,9,BR-020;CE-354;CE-455;CE-065;OSM-tertiary;Estrada do Corrente - Ipu - Tucunduba;OSM-trunk_link,encontrada,110.4791,15,BR-020;CE-354;CE-455;CE-065;Avenida Doutor Stênio Gomes;Rua Chico Anísio;Rua Capitão Jeová Colares;Rua Doutor Argeu Braga Herbster;OSM-trunk_link
OAE332,30024.0,encontrada,86.9014,9,BR-020;CE-354;CE-455;CE-065;OSM-tertiary;Estrada do Corrente - Ipu - Tucunduba;OSM-trunk_link,encontrada,110.4322,15,BR-020;CE-354;CE-455;CE-065;Avenida Doutor Stênio Gomes;Rua Chico Anísio;Rua Capitão Jeová Colares;Rua Doutor Argeu Braga Herbster;OSM-trunk_link
OAE333,30025.0,encontrada,86.9479,9,BR-020;CE-354;CE-455;CE-065;OSM-tertiary;Estrada do Corrente - Ipu - Tucunduba;OSM-trunk_link,encontrada,110.4787,15,BR-020;CE-354;CE-455;CE-065;Avenida Doutor Stênio Gomes;Rua Chico Anísio;Rua Capitão Jeová Colares;Rua Doutor Argeu Braga Herbster;OSM-trunk_link
OAE334,30026.0,encontrada,24.1986,8,BR-020;OSM-trunk_link;Rodovia Raimundo Pessoa de Araújo;CE-251;Estrada para Caraussanga,encontrada,110.447,15,BR-020;OSM-trunk_link;CE-065;Rua Doutor Argeu Braga Herbster;Rua Capitão Jeová Colares;Rua Chico Anísio;Avenida Doutor Stênio Gomes;CE-455;CE-354
OAE335,30027.0,encontrada,86.957,9,BR-020;CE-354;CE-455;CE-065;OSM-tertiary;Estrada do Corrente - Ipu - Tucunduba;OSM-trunk_link,encontrada,110.4877,15,BR-020;CE-354;CE-455;CE-065;Avenida Doutor Stênio Gomes;Rua Chico Anísio;Rua Capitão Jeová Colares;Rua Doutor Argeu Braga Herbster;OSM-trunk_link
OAE336,30028.0,encontrada,268.3495,12,BR-020;PI-378;PI-142;Rua Major Vitalino Bezerra;OSM-tertiary;CE-187;BR-020;CE-277;CE-277,grafo_desconexo,0.0,0,
OAE337,30029.0,encontrada,70.1596,6,BR-020;BR-020;CE-277;CE-277;Estrada Santa Rita;CE-279,encontrada,70.1596,6,BR-020;BR-020;CE-277;CE-277;Estrada Santa Rita;CE-279
OAE338,30030.0,encontrada,70.183,6,BR-020;CE-279;Estrada Santa Rita;CE-277;BR-020;CE-277,encontrada,70.183,6,BR-020;CE-279;Estrada Santa Rita;CE-277;BR-020;CE-277
OAE339,30031.0,encontrada,19.7065,4,BR-020;OSM-tertiary;CE-187,encontrada,19.7065,4,BR-020;OSM-tertiary;CE-187
OAE340,30032.0,encontrada,170.326,6,BR-020;CE-363;CE-168;OSM-tertiary;CE-587,encontrada,242.7962,13,BR-020;CE-363;CE-363;CE-168;OSM-tertiary;CE-060;CE-363;CE-060;BR-226;BR-226;CE-168;Rodovia Presidente Juscelino Kubitschek
OAE341,30033.0,encontrada,170.3167,6,BR-020;CE-363;CE-168;OSM-tertiary;CE-587,encontrada,242.7869,13,BR-020;CE-363;CE-363;CE-168;OSM-tertiary;CE-060;CE-363;CE-060;BR-226;BR-226;CE-168;Rodovia Presidente Juscelino Kubitschek
OAE342,30034.0,encontrada,125.5995,10,BR-020;Rua Antônio Rocha Bezerra;Rua Antônio Domingues;CE-266;Rua Balbina Vieira Almeida;CE-168;BR-226;Rodovia Presidente Juscelino Kubitschek,encontrada,125.5995,10,BR-020;Rua Antônio Rocha Bezerra;Rua Antônio Domingues;CE-266;Rua Balbina Vieira Almeida;CE-168;BR-226;Rodovia Presidente Juscelino Kubitschek
OAE343,30035.0,encontrada,104.1861,10,BR-020;CE-266;OSM-tertiary;Estrada para Boa Viagem;Rua Luiz Vieira de Sousa;Rua José Vieira Neto;Rua Belarmino Matos Carneiro,encontrada,104.1861,10,BR-020;CE-266;OSM-tertiary;Estrada para Boa Viagem;Rua Luiz Vieira de Sousa;Rua José Vieira Neto;Rua Belarmino Matos Carneiro
OAE344,30036.0,encontrada,104.3267,10,BR-020;CE-266;OSM-tertiary;Estrada para Boa Viagem;Rua Luiz Vieira de Sousa;Rua José Vieira Neto;Rua Belarmino Matos Carneiro,encontrada,104.3267,10,BR-020;CE-266;OSM-tertiary;Estrada para Boa Viagem;Rua Luiz Vieira de Sousa;Rua José Vieira Neto;Rua Belarmino Matos Carneiro
OAE345,30037.0,encontrada,218.5973,14,BR-020;Rua Vinte Seis de Junho;Rua Vinte e Um de Novembro;Rua Agronomando Rangel;CE-266;Rua Balbina Vieira Almeida;CE-168;BR-226;CE-168;BR-226;OSM-tertiary;CE-060;CE-166;CE-265,encontrada,218.5973,14,BR-020;Rua Vinte Seis de Junho;Rua Vinte e Um de Novembro;Rua Agronomando Rangel;CE-266;Rua Balbina Vieira Almeida;CE-168;BR-226;CE-168;BR-226;OSM-tertiary;CE-060;CE-166;CE-265
OAE346,30038.0,encontrada,218.5161,14,BR-020;CE-265;CE-166;CE-060;OSM-tertiary;BR-226;BR-226;CE-168;CE-168;Rua Balbina Vieira Almeida;CE-266;Rua Agronomando Rangel;Rua Vinte e Um de Novembro;Rua Vinte Seis de Junho,encontrada,218.5161,14,BR-020;CE-265;CE-166;CE-060;OSM-tertiary;BR-226;BR-226;CE-168;CE-168;Rua Balbina Vieira Almeida;CE-266;Rua Agronomando Rangel;Rua Vinte e Um de Novembro;Rua Vinte Seis de Junho
OAE347,30039.0,encontrada,74.8758,10,BR-020;CE-265;CE-166;OSM-tertiary;Rua Manoel Germano Filho;Estrada para União;Rua José Araújo Sousa,encontrada,74.8758,10,BR-020;CE-265;CE-166;OSM-tertiary;Rua Manoel Germano Filho;Estrada para União;Rua José Araújo Sousa
OAE348,30040.0,encontrada,121.6511,9,BR-020;Rua José Araújo Sousa;Estrada para União;Rua Manoel Germano Filho;OSM-tertiary;CE-456,encontrada,121.6511,9,BR-020;Rua José Araújo Sousa;Estrada para União;Rua Manoel Germano Filho;OSM-tertiary;CE-456
OAE349,30041.0,encontrada,143.1195,11,BR-020;Avenida Coronel José Cícero Sampaio;CE-253;CE-356;OSM-tertiary;Rua Joaquim Alves Nogueira;CE-065;CE-356;CE-065;CE-257,encontrada,143.1195,11,BR-020;Avenida Coronel José Cícero Sampaio;CE-253;CE-356;OSM-tertiary;Rua Joaquim Alves Nogueira;CE-065;CE-356;CE-065;CE-257
OAE350,30042.0,encontrada,143.2077,11,BR-020;Avenida Coronel José Cícero Sampaio;CE-253;CE-356;OSM-tertiary;Rua Joaquim Alves Nogueira;CE-065;CE-356;CE-065;CE-257,encontrada,143.2077,11,BR-020;Avenida Coronel José Cícero Sampaio;CE-253;CE-356;OSM-tertiary;Rua Joaquim Alves Nogueira;CE-065;CE-356;CE-065;CE-257
OAE351,30043.0,encontrada,3.1255,6,BR-020;OSM-tertiary;BR Velha;Avenida Coronel José Cícero Sampaio;Avenida Doutor Luis Cícero Sampaio,encontrada,3.1255,6,BR-020;OSM-tertiary;BR Velha;Avenida Coronel José Cícero Sampaio;Avenida Doutor Luis Cícero Sampaio
OAE352,30044.0,encontrada,86.9367,9,BR-020;OSM-trunk_link;OSM-tertiary;Estrada do Corrente - Ipu - Tucunduba;CE-065;CE-455;CE-354,encontrada,110.4674,15,BR-020;OSM-trunk_link;CE-065;Rua Doutor Argeu Braga Herbster;Rua Capitão Jeová Colares;Rua Chico Anísio;Avenida Doutor Stênio Gomes;CE-455;CE-354
OAE353,30045.0,encontrada,92.5229,6,Avenida Tabelião Joaquim José Rodrigues;Rua Raimundo Nonato de Loiola;CE-362;CE-176;BR-222,encontrada,92.5229,6,Avenida Tabelião Joaquim José Rodrigues;Rua Raimundo Nonato de Loiola;CE-362;CE-176;BR-222
OAE354,30046.0,encontrada,41.8094,7,BR-222;BR-403;BR-403;CE-183;BR-222;CE-183;CE-417;Avenida Senador José Ermírio de Moraes,encontrada,41.8094,7,BR-222;BR-403;BR-403;CE-183;BR-222;CE-183;CE-417;Avenida Senador José Ermírio de Moraes
OAE355,30047.0,encontrada,41.8463,7,BR-222;BR-403;Avenida Senador José Ermírio de Moraes;CE-417;CE-183;BR-222;BR-403;CE-183,encontrada,41.8463,7,BR-222;BR-403;Avenida Senador José Ermírio de Moraes;CE-417;CE-183;BR-222;BR-403;CE-183
OAE356,30048.0,encontrada,61.4642,9,BR-222;OSM-trunk_link;BR-222;BR-403;CE-179;CE-253;OSM-tertiary;CE-362,encontrada,121.6079,18,BR-222;OSM-trunk_link;BR-222;BR-403;Avenida Senador Fernandes Távora;Avenida Maria da Conceição Pontes de Azevedo;Estrada das Marrecas;Avenida Prefeito José Euclides Ferreira Gomes Júnior;CE-417;BR-403;CE-178;CE-240;CE-176;OSM-tertiary;Avenida Linha Francisco Marques;Rodovia Doutor José Euclides Ferreira Gomes Júnior
OAE357,30049.0,encontrada,41.8471,7,BR-222;CE-183;CE-417;Avenida Senador José Ermírio de Moraes;BR-222;BR-403;BR-403;CE-183,encontrada,41.8471,7,BR-222;CE-183;CE-417;Avenida Senador José Ermírio de Moraes;BR-222;BR-403;BR-403;CE-183
OAE358,30050.0,encontrada,75.8668,5,BR-222;CE-321;CE-253;BR-403;CE-183,encontrada,75.8668,5,BR-222;CE-321;CE-253;BR-403;CE-183
OAE359,30051.0,encontrada,88.0609,15,BR-222;CE-321;CE-253;CE-321;CE-253;Avenida Manoel Silvino;OSM-tertiary;Travessa Padre Moacir Melo;Rua Domingos Ferreira;Rua Sebastião de Almeida;CE-581;Rua Capitão Joaquim Francisco;OSM-secondary,encontrada,108.9281,7,BR-222;CE-321;CE-364;CE-240;CE-313
OAE360,30052.0,encontrada,88.0367,15,BR-222;OSM-secondary;Rua Capitão Joaquim Francisco;CE-581;Rua Sebastião de Almeida;Rua Domingos Ferreira;Travessa Padre Moacir Melo;OSM-tertiary;CE-253;Avenida Manoel Silvino;CE-321;CE-253;CE-321,encontrada,108.9039,7,BR-222;CE-313;CE-240;CE-364;CE-321
OAE361,30053.0,encontrada,88.0535,15,BR-222;OSM-secondary;Rua Capitão Joaquim Francisco;CE-581;Rua Sebastião de Almeida;Rua Domingos Ferreira;Travessa Padre Moacir Melo;OSM-tertiary;CE-253;Avenida Manoel Silvino;CE-321;CE-253;CE-321,encontrada,108.9207,7,BR-222;CE-313;CE-240;CE-364;CE-321
OAE362,30054.0,encontrada,88.1024,15,BR-222;OSM-secondary;Rua Capitão Joaquim Francisco;CE-581;Rua Sebastião de Almeida;Rua Domingos Ferreira;Travessa Padre Moacir Melo;OSM-tertiary;CE-253;Avenida Manoel Silvino;CE-321;CE-253;CE-321,encontrada,108.9696,7,BR-222;CE-313;CE-240;CE-364;CE-321
OAE363,30055.0,encontrada,88.0585,15,BR-222;OSM-secondary;Rua Capitão Joaquim Francisco;CE-581;Rua Sebastião de Almeida;Rua Domingos Ferreira;Travessa Padre Moacir Melo;OSM-tertiary;CE-253;Avenida Manoel Silvino;CE-321;CE-253;CE-321,encontrada,108.9257,7,BR-222;CE-313;CE-240;CE-364;CE-321
OAE364,30056.0,encontrada,2.9432,5,BR-222;OSM-secondary;Rua Capitão Joaquim Francisco;CE-581,encontrada,2.9432,5,BR-222;OSM-secondary;Rua Capitão Joaquim Francisco;CE-581
OAE365,30057.0,encontrada,88.0851,15,BR-222;OSM-secondary;Rua Capitão Joaquim Francisco;CE-581;Rua Sebastião de Almeida;Rua Domingos Ferreira;Travessa Padre Moacir Melo;OSM-tertiary;CE-253;Avenida Manoel Silvino;CE-321;CE-253;CE-321,encontrada,108.9523,7,BR-222;CE-313;CE-240;CE-364;CE-321
OAE366,30058.0,encontrada,3.0298,4,BR-222;CE-581;Rua Capitão Joaquim Francisco;OSM-secondary,encontrada,3.0298,4,BR-222;CE-581;Rua Capitão Joaquim Francisco;OSM-secondary
OAE367,30059.0,encontrada,88.626,12,BR-222;CE-581;Rua Sebastião de Almeida;Rua Domingos Ferreira;Travessa Padre Moacir Melo;OSM-tertiary;CE-253;CE-187;OSM-primary_link;Avenida Prefeito Jacques Nunes,encontrada,108.9261,7,BR-222;CE-321;CE-364;CE-240;CE-313
OAE368,30060.0,encontrada,88.6563,12,BR-222;CE-581;Rua Sebastião de Almeida;Rua Domingos Ferreira;Travessa Padre Moacir Melo;OSM-tertiary;CE-253;CE-187;OSM-primary_link;Avenida Prefeito Jacques Nunes,encontrada,108.9565,7,BR-222;CE-321;CE-364;CE-240;CE-313
OAE369,30061.0,encontrada,61.4713,9,BR-222;OSM-trunk_link;BR-222;BR-403;CE-179;CE-253;OSM-tertiary;CE-362,encontrada,121.615,18,BR-222;OSM-trunk_link;BR-222;BR-403;Avenida Senador Fernandes Távora;Avenida Maria da Conceição Pontes de Azevedo;Estrada das Marrecas;Avenida Prefeito José Euclides Ferreira Gomes Júnior;CE-417;BR-403;CE-178;CE-240;CE-176;OSM-tertiary;Avenida Linha Francisco Marques;Rodovia Doutor José Euclides Ferreira Gomes Júnior
OAE370,30062.0,encontrada,88.6252,12,BR-222;Avenida Prefeito Jacques Nunes;CE-187;OSM-primary_link;CE-253;OSM-tertiary;Travessa Padre Moacir Melo;Rua Domingos Ferreira;Rua Sebastião de Almeida;CE-581,encontrada,108.9254,7,BR-222;CE-313;CE-240;CE-364;CE-321
OAE371,30063.0,encontrada,88.6227,12,BR-222;Avenida Prefeito Jacques Nunes;CE-187;OSM-primary_link;CE-253;OSM-tertiary;Travessa Padre Moacir Melo;Rua Domingos Ferreira;Rua Sebastião de Almeida;CE-581,encontrada,108.9229,7,BR-222;CE-313;CE-240;CE-364;CE-321
OAE372,30064.0,encontrada,88.6198,12,BR-222;CE-581;Rua Sebastião de Almeida;Rua Domingos Ferreira;Travessa Padre Moacir Melo;OSM-tertiary;CE-253;CE-187;OSM-primary_link;Avenida Prefeito Jacques Nunes,encontrada,108.92,7,BR-222;CE-321;CE-364;CE-240;CE-313
OAE373,30065.0,encontrada,0.0932,1,BR-222,encontrada,0.0932,1,BR-222
OAE374,30066.0,encontrada,1.8078,5,Avenida Prefeito Jacques Nunes;Rua Francisco Teles;Avenida Moisés Moita;CE-418;BR-222,encontrada,1.8078,5,Avenida Prefeito Jacques Nunes;Rua Francisco Teles;Avenida Moisés Moita;CE-418;BR-222
OAE375,30067.0,encontrada,8.7602,5,BR-222;CE-187;BR-222;OSM-trunk;CE-187,encontrada,8.7602,5,BR-222;CE-187;BR-222;OSM-trunk;CE-187
OAE376,30068.0,encontrada,8.7523,5,CE-187;BR-222;OSM-trunk;BR-222;CE-187,encontrada,8.7523,5,CE-187;BR-222;OSM-trunk;BR-222;CE-187
OAE377,30069.0,encontrada,8.6727,3,BR-222;CE-187;OSM-trunk,encontrada,8.6727,3,BR-222;CE-187;OSM-trunk
OAE378,30070.0,encontrada,8.672,3,BR-222;CE-187;OSM-trunk,encontrada,8.672,3,BR-222;CE-187;OSM-trunk
OAE379,30071.0,encontrada,8.6674,3,BR-222;CE-187;OSM-trunk,encontrada,8.6674,3,BR-222;CE-187;OSM-trunk
OAE380,30072.0,encontrada,8.6854,3,BR-222;CE-187;OSM-trunk,encontrada,8.6854,3,BR-222;CE-187;OSM-trunk
OAE381,30073.0,encontrada,39.9028,8,BR-222;CE-348;Estrada da Área da Petrobrás;OSM-tertiary;OSM-trunk_link;CE-085;CE-156,encontrada,39.9028,8,BR-222;CE-348;Estrada da Área da Petrobrás;OSM-tertiary;OSM-trunk_link;CE-085;CE-156
OAE382,30074.0,encontrada,31.5535,10,BR-222;CE-423;Avenida Coronel Neco Martins;Rua Eretildes Martins;Avenida Paulo Costa;CE-085;OSM-tertiary;CE-156;BR-222;CE-156,encontrada,31.5535,10,BR-222;CE-423;Avenida Coronel Neco Martins;Rua Eretildes Martins;Avenida Paulo Costa;CE-085;OSM-tertiary;CE-156;BR-222;CE-156
OAE383,30075.0,encontrada,51.6731,11,BR-402;CE-240;BR-402;CE-354;Rua Antônio Manoel Alves;Rua Joaquim Rodrigues Teixeira de Menezes;OSM-tertiary;Rua Principal;Rua do Salão;CE-173;CE-240,encontrada,51.6731,11,BR-402;CE-240;BR-402;CE-354;Rua Antônio Manoel Alves;Rua Joaquim Rodrigues Teixeira de Menezes;OSM-tertiary;Rua Principal;Rua do Salão;CE-173;CE-240
OAE384,30076.0,encontrada,18.8986,4,BR-402;CE-354;CE-354;OSM-tertiary,encontrada,18.8986,4,BR-402;CE-354;CE-354;OSM-tertiary
OAE385,30077.0,encontrada,10.0192,3,BR-402;CE-354;OSM-tertiary;OSM-secondary,encontrada,10.0192,3,BR-402;CE-354;OSM-tertiary;OSM-secondary
OAE386,30078.0,encontrada,30.1661,12,BR-402;CE-354;OSM-secondary;CE-354;URB-010;Avenida Artur Rodrigues Vasconcelos;Rua Marcolino Evangelista;Rua João Galdino Vasconcelos;Rua Coronel João Antônio;CE-139;URB-030;CE-333,encontrada,30.1661,12,BR-402;CE-354;OSM-secondary;CE-354;URB-010;Avenida Artur Rodrigues Vasconcelos;Rua Marcolino Evangelista;Rua João Galdino Vasconcelos;Rua Coronel João Antônio;CE-139;URB-030;CE-333
OAE387,30079.0,encontrada,30.1662,12,BR-402;CE-354;CE-333;CE-139;URB-030;Rua Coronel João Antônio;Rua João Galdino Vasconcelos;Rua Marcolino Evangelista;Avenida Artur Rodrigues Vasconcelos;CE-354;URB-010;OSM-secondary,encontrada,30.1662,12,BR-402;CE-354;CE-333;CE-139;URB-030;Rua Coronel João Antônio;Rua João Galdino Vasconcelos;Rua Marcolino Evangelista;Avenida Artur Rodrigues Vasconcelos;CE-354;URB-010;OSM-secondary
OAE388,30080.0,encontrada,11.9032,7,BR-402;CE-354;Rua Antônio Pires;CE-333;OSM-tertiary;URB-253;Estrada para o Tururu,encontrada,11.9032,7,BR-402;CE-354;Rua Antônio Pires;CE-333;OSM-tertiary;URB-253;Estrada para o Tururu
OAE389,30081.0,encontrada,30.0915,14,BR-402;CE-243;CE-354;OSM-tertiary;CE-354;Rua Walter Moraes;Rua Francisco Gomes dos Santos;Rua José Alexandre;Rua Felisbela Caetano;BR-222;CE-235,encontrada,57.2779,13,BR-402;CE-243;CE-354;CE-243;URB-040;CE-243;Rua Farmacêutico José Rodrigues;CE-243;URB-060;CE-243;URB-164;Avenida Júlio Pinheiro Bastos;OSM-tertiary;BR-222
OAE390,30082.0,encontrada,92.4782,7,BR-222;CE-176;CE-362;Avenida Tabelião Joaquim José Rodrigues;Rua Raimundo Nonato de Loiola,encontrada,92.4782,7,BR-222;CE-176;CE-362;Avenida Tabelião Joaquim José Rodrigues;Rua Raimundo Nonato de Loiola
OAE391,30083.0,encontrada,5.2852,4,BR-222;CE-176;OSM-tertiary,encontrada,5.2852,4,BR-222;CE-176;OSM-tertiary
OAE392,30084.0,encontrada,103.0271,15,BR-222;CE-173;CE-240;OSM-primary;Rua Dezinho Teixeira;OSM-tertiary;Rua Luiz Matias;Avenida Lindolfo Braga;CE-176;Rodovia Doutor José Euclides Ferreira Gomes Júnior;OSM-trunk_link,encontrada,163.5918,36,BR-222;Avenida Paulo Bastos;OSM-trunk_link;CE-243;Rua Major Joaquim Alexandre;Rua Major João Ribeiro;Rua Manoel Luiz da Rocha;Rua Fausto Pinheiro;CE-243;URB-060;URB-178;URB-070;CE-333;CE-168;BR-402;CE-354;Rua Dom Aureliano Matos;Avenida Anastácio Braga;BR-402;CE-240;CE-240;OSM-primary;Rua Dezinho Teixeira;OSM-tertiary;Rua Luiz Matias;Avenida Lindolfo Braga;CE-176;Rodovia Doutor José Euclides Ferreira Gomes Júnior
OAE393,30085.0,encontrada,102.9923,15,BR-222;OSM-trunk_link;CE-176;Rodovia Doutor José Euclides Ferreira Gomes Júnior;Avenida Lindolfo Braga;Rua Luiz Matias;CE-240;OSM-tertiary;Rua Dezinho Teixeira;OSM-primary;CE-173,encontrada,163.557,36,BR-222;OSM-trunk_link;CE-176;Rodovia Doutor José Euclides Ferreira Gomes Júnior;Avenida Lindolfo Braga;Rua Luiz Matias;CE-240;OSM-tertiary;Rua Dezinho Teixeira;OSM-primary;BR-402;CE-240;BR-402;CE-354;Avenida Anastácio Braga;Rua Dom Aureliano Matos;CE-168;CE-333;URB-178;URB-070;CE-243;URB-060;CE-243;Rua Fausto Pinheiro;Rua Manoel Luiz da Rocha;Rua Major João Ribeiro;Rua Major Joaquim Alexandre;Avenida Paulo Bastos
OAE394,30086.0,encontrada,103.0295,15,BR-222;OSM-trunk_link;CE-176;Rodovia Doutor José Euclides Ferreira Gomes Júnior;Avenida Lindolfo Braga;Rua Luiz Matias;CE-240;OSM-tertiary;Rua Dezinho Teixeira;OSM-primary;CE-173,encontrada,163.5942,36,BR-222;OSM-trunk_link;CE-176;Rodovia Doutor José Euclides Ferreira Gomes Júnior;Avenida Lindolfo Braga;Rua Luiz Matias;CE-240;OSM-tertiary;Rua Dezinho Teixeira;OSM-primary;BR-402;CE-240;BR-402;CE-354;Avenida Anastácio Braga;Rua Dom Aureliano Matos;CE-168;CE-333;URB-178;URB-070;CE-243;URB-060;CE-243;Rua Fausto Pinheiro;Rua Manoel Luiz da Rocha;Rua Major João Ribeiro;Rua Major Joaquim Alexandre;Avenida Paulo Bastos
OAE395,30087.0,encontrada,113.9412,24,BR-222;CE-173;Rua Principal;OSM-tertiary;Rua Joaquim Rodrigues Teixeira de Menezes;Rua Urbano Teixeira de Menezes;BR-402;CE-354;CE-168;CE-333;URB-178;URB-070;CE-243;URB-060;CE-243;Rua Fausto Pinheiro;Rua Manoel Luiz da Rocha;Rua Major João Ribeiro;Rua Major Joaquim Alexandre;OSM-trunk_link;Avenida Paulo Bastos,encontrada,163.5548,36,BR-222;OSM-trunk_link;CE-176;Rodovia Doutor José Euclides Ferreira Gomes Júnior;Avenida Lindolfo Braga;Rua Luiz Matias;CE-240;OSM-tertiary;Rua Dezinho Teixeira;OSM-primary;BR-402;CE-240;BR-402;CE-354;Avenida Anastácio Braga;Rua Dom Aureliano Matos;CE-168;CE-333;URB-178;URB-070;CE-243;URB-060;CE-243;Rua Fausto Pinheiro;Rua Manoel Luiz da Rocha;Rua Major João Ribeiro;Rua Major Joaquim Alexandre;Avenida Paulo Bastos
OAE396,30088.0,encontrada,113.9684,24,BR-222;OSM-trunk_link;Avenida Paulo Bastos;CE-173;Rua Principal;OSM-tertiary;Rua Joaquim Rodrigues Teixeira de Menezes;Rua Urbano Teixeira de Menezes;BR-402;CE-354;CE-168;CE-333;URB-178;URB-070;CE-243;URB-060;CE-243;Rua Fausto Pinheiro;Rua Manoel Luiz da Rocha;Rua Major João Ribeiro;Rua Major Joaquim Alexandre,encontrada,163.582,36,BR-222;OSM-trunk_link;Avenida Paulo Bastos;CE-176;Rodovia Doutor José Euclides Ferreira Gomes Júnior;Avenida Lindolfo Braga;Rua Luiz Matias;CE-240;OSM-tertiary;Rua Dezinho Teixeira;OSM-primary;BR-402;CE-240;BR-402;CE-354;Avenida Anastácio Braga;Rua Dom Aureliano Matos;CE-168;CE-333;URB-178;URB-070;CE-243;URB-060;CE-243;Rua Fausto Pinheiro;Rua Manoel Luiz da Rocha;Rua Major João Ribeiro;Rua Major Joaquim Alexandre
OAE397,30089.0,encontrada,113.9694,24,BR-222;CE-243;Rua Major Joaquim Alexandre;Rua Major João Ribeiro;Rua Manoel Luiz da Rocha;Rua Fausto Pinheiro;CE-243;URB-060;URB-178;URB-070;CE-333;CE-168;BR-402;CE-354;Rua Urbano Teixeira de Menezes;Rua Joaquim Rodrigues Teixeira de Menezes;OSM-tertiary;Rua Principal;CE-173;Avenida Paulo Bastos;OSM-trunk_link,encontrada,163.5831,36,BR-222;CE-243;Rua Major Joaquim Alexandre;Rua Major João Ribeiro;Rua Manoel Luiz da Rocha;Rua Fausto Pinheiro;CE-243;URB-060;URB-178;URB-070;CE-333;CE-168;BR-402;CE-354;Rua Dom Aureliano Matos;Avenida Anastácio Braga;BR-402;CE-240;CE-240;OSM-primary;Rua Dezinho Teixeira;OSM-tertiary;Rua Luiz Matias;Avenida Lindolfo Braga;CE-176;Rodovia Doutor José Euclides Ferreira Gomes Júnior;OSM-trunk_link;Avenida Paulo Bastos
OAE398,30090.0,encontrada,113.9519,24,BR-222;CE-243;Rua Major Joaquim Alexandre;Rua Major João Ribeiro;Rua Manoel Luiz da Rocha;Rua Fausto Pinheiro;CE-243;URB-060;URB-178;URB-070;CE-333;CE-168;BR-402;CE-354;Rua Urbano Teixeira de Menezes;Rua Joaquim Rodrigues Teixeira de Menezes;OSM-tertiary;Rua Principal;CE-173;Avenida Paulo Bastos;OSM-trunk_link,encontrada,163.5656,36,BR-222;CE-243;Rua Major Joaquim Alexandre;Rua Major João Ribeiro;Rua Manoel Luiz da Rocha;Rua Fausto Pinheiro;CE-243;URB-060;URB-178;URB-070;CE-333;CE-168;BR-402;CE-354;Rua Dom Aureliano Matos;Avenida Anastácio Braga;BR-402;CE-240;CE-240;OSM-primary;Rua Dezinho Teixeira;OSM-tertiary;Rua Luiz Matias;Avenida Lindolfo Braga;CE-176;Rodovia Doutor José Euclides Ferreira Gomes Júnior;OSM-trunk_link;Avenida Paulo Bastos
OAE399,30091.0,encontrada,29.8736,8,BR-222;CE-168;Rua Antônio Braga;Rua Francisco José de Oliveira;OSM-tertiary;CE-243,encontrada,29.8736,8,BR-222;CE-168;Rua Antônio Braga;Rua Francisco José de Oliveira;OSM-tertiary;CE-243
OAE400,30092.0,encontrada,29.8153,8,BR-222;OSM-tertiary;CE-243;Rua Francisco José de Oliveira;Rua Antônio Braga;CE-168,encontrada,29.8153,8,BR-222;OSM-tertiary;CE-243;Rua Francisco José de Oliveira;Rua Antônio Braga;CE-168
OAE401,30093.0,encontrada,20.0395,3,BR-222;OSM-tertiary,encontrada,20.0395,3,BR-222;OSM-tertiary
OAE402,30094.0,encontrada,8.7599,4,BR-222;CE-168;OSM-tertiary,encontrada,8.7599,4,BR-222;CE-168;OSM-tertiary
OAE403,30095.0,encontrada,23.7583,10,BR-222;Avenida Cruzeiro do Sul;Rua Coronel Correia;Rua Barão de Ibiapaba;Avenida da Integração;Avenida Contorno Norte;BR-020;BR-222;OSM-trunk_link,encontrada,26.9786,10,BR-222;Avenida Cruzeiro do Sul;Rua Coronel Correia;Rua Barão de Ibiapaba;Avenida da Integração;Avenida de Contorno Leste;Rodovia Raimundo Pessoa de Araújo;BR-020
OAE404,30096.0,encontrada,34.5543,9,BR-222;Avenida Cruzeiro do Sul;Rua José Holanda Nogueira;CE-085;Estrada do Garrote;Estrada Garrote;OSM-tertiary,encontrada,34.5543,9,BR-222;Avenida Cruzeiro do Sul;Rua José Holanda Nogueira;CE-085;Estrada do Garrote;Estrada Garrote;OSM-tertiary
OAE405,30097.0,encontrada,34.5788,9,BR-222;Avenida Cruzeiro do Sul;Rua José Holanda Nogueira;CE-085;Estrada do Garrote;Estrada Garrote;OSM-tertiary,encontrada,34.5788,9,BR-222;Avenida Cruzeiro do Sul;Rua José Holanda Nogueira;CE-085;Estrada do Garrote;Estrada Garrote;OSM-tertiary
OAE406,30098.0,encontrada,18.881,5,BR-222;CE-348;Estrada Garrote;OSM-tertiary,encontrada,18.881,5,BR-222;CE-348;Estrada Garrote;OSM-tertiary
OAE407,30099.0,encontrada,39.8899,8,BR-222;CE-156;CE-085;OSM-trunk_link;OSM-tertiary;Estrada da Área da Petrobrás;CE-348,encontrada,39.8899,8,BR-222;CE-156;CE-085;OSM-trunk_link;OSM-tertiary;Estrada da Área da Petrobrás;CE-348
OAE408,30100.0,encontrada,39.9188,8,BR-222;CE-348;Estrada da Área da Petrobrás;OSM-tertiary;OSM-trunk_link;CE-085;CE-156,encontrada,39.9188,8,BR-222;CE-348;Estrada da Área da Petrobrás;OSM-tertiary;OSM-trunk_link;CE-085;CE-156
OAE409,30101.0,encontrada,39.8625,8,BR-222;CE-348;Estrada da Área da Petrobrás;OSM-tertiary;OSM-trunk_link;CE-085;CE-156,encontrada,39.8625,8,BR-222;CE-348;Estrada da Área da Petrobrás;OSM-tertiary;OSM-trunk_link;CE-085;CE-156
OAE410,30102.0,encontrada,55.0342,13,BR-222;Rua Porfirio de Araujo;CE-341;OSM-primary_link;CE-341;BR-222;CE-085;CE-423;Rua Eretides Martins;Avenida Coronel Neco Martins,encontrada,55.0342,13,BR-222;Rua Porfirio de Araujo;CE-341;OSM-primary_link;CE-341;BR-222;CE-085;CE-423;Rua Eretides Martins;Avenida Coronel Neco Martins
OAE411,30103.0,encontrada,57.8687,12,BR-222;Estrada Croatá-Pentecoste;CE-341;OSM-primary_link;CE-426;CE-162;Rua Rochael Moreira;Rua Prudencio Bezerra;Rua Pedro Cipriano;Avenida Pedro Cipriano,encontrada,108.304,10,BR-222;OSM-primary;CE-341;CE-341;CE-354;CE-341;CE-162;CE-235;CE-341;CE-235;OSM-tertiary
OAE412,30104.0,encontrada,68.3733,9,BR-222;CE-235;CE-354;CE-162;Rua Padre Sinval Facundo;CE-341;CE-354;CE-341;OSM-primary,encontrada,108.1428,10,BR-222;OSM-tertiary;CE-235;CE-341;CE-235;CE-341;CE-162;CE-341;CE-354;CE-341;OSM-primary
OAE413,30105.0,encontrada,68.5228,9,BR-222;OSM-primary;CE-341;CE-341;CE-354;Rua Padre Sinval Facundo;CE-162;CE-354;CE-235,encontrada,108.2924,10,BR-222;OSM-primary;CE-341;CE-341;CE-354;CE-341;CE-162;CE-235;CE-341;CE-235;OSM-tertiary
OAE414,30106.0,encontrada,68.5062,9,BR-222;CE-235;CE-354;CE-162;Rua Padre Sinval Facundo;CE-341;CE-354;CE-341;OSM-primary,encontrada,108.2757,10,BR-222;OSM-tertiary;CE-235;CE-341;CE-235;CE-341;CE-162;CE-341;CE-354;CE-341;OSM-primary
OAE415,30107.0,encontrada,8.6838,1,BR-222,encontrada,8.6838,1,BR-222
OAE416,30108.0,encontrada,30.122,14,BR-222;BR-402;CE-243;CE-354;OSM-tertiary;CE-354;Rua Walter Moraes;Rua Francisco Gomes dos Santos;Rua José Alexandre;Rua Felisbela Caetano;CE-235,encontrada,57.3085,13,BR-222;BR-402;CE-243;CE-354;CE-243;URB-040;CE-243;Rua Farmacêutico José Rodrigues;CE-243;URB-060;CE-243;URB-164;Avenida Júlio Pinheiro Bastos;OSM-tertiary
OAE417,30109.0,encontrada,49.52,18,BR-222;OSM-tertiary;Avenida Júlio Pinheiro Bastos;CE-243;CE-243;URB-164;CE-243;URB-060;Rua Farmacêutico José Rodrigues;CE-243;URB-040;CE-354;Rua Walter Moraes;Rua Francisco Gomes dos Santos;Rua José Alexandre;Rua Felisbela Caetano,encontrada,57.2716,13,BR-222;OSM-tertiary;Avenida Júlio Pinheiro Bastos;CE-243;CE-243;URB-164;CE-243;URB-060;Rua Farmacêutico José Rodrigues;CE-243;URB-040;CE-243;CE-354;BR-402
OAE418,30110.0,encontrada,49.5404,18,BR-222;CE-354;Rua Felisbela Caetano;Rua José Alexandre;Rua Francisco Gomes dos Santos;Rua Walter Moraes;OSM-tertiary;CE-243;URB-040;CE-243;Rua Farmacêutico José Rodrigues;CE-243;URB-060;CE-243;URB-164;Avenida Júlio Pinheiro Bastos,encontrada,57.292,13,BR-222;BR-402;CE-243;CE-354;CE-243;URB-040;CE-243;Rua Farmacêutico José Rodrigues;CE-243;URB-060;CE-243;URB-164;Avenida Júlio Pinheiro Bastos;OSM-tertiary
OAE419,30111.0,encontrada,49.5112,18,BR-222;CE-354;Rua Felisbela Caetano;Rua José Alexandre;Rua Francisco Gomes dos Santos;Rua Walter Moraes;OSM-tertiary;CE-243;URB-040;CE-243;Rua Farmacêutico José Rodrigues;CE-243;URB-060;CE-243;URB-164;Avenida Júlio Pinheiro Bastos,encontrada,57.2629,13,BR-222;BR-402;CE-243;CE-354;CE-243;URB-040;CE-243;Rua Farmacêutico José Rodrigues;CE-243;URB-060;CE-243;URB-164;Avenida Júlio Pinheiro Bastos;OSM-tertiary
OAE420,30112.0,encontrada,43.7829,7,BR-116;CE-380;OSM-tertiary;Rua Raimundo Nonato Dias;Rua do Cemitério;PB-418,encontrada,170.4883,20,BR-116;CE-384;CE-384;CE-152;Avenida Fernandes Teles Cartaxo;Avenida Dumont Teodoro Fernandes Teles;OSM-tertiary;Avenida Rosendo Manuel de Sousa;Rua Neco de Sousa;Rua Presidente Médice;Rua João Agripino;PB-400;PB-400;PB-366;BR-230;OSM-trunk_link;PB-420
OAE421,30113.0,encontrada,34.807,6,BR-116;BR-230;OSM-trunk_link;PB-420,encontrada,34.807,6,BR-116;BR-230;OSM-trunk_link;PB-420
OAE422,30114.0,encontrada,45.6699,6,BR-116;CE-284;Rua Dom Quintino;CE-151;OSM-tertiary,encontrada,45.6699,6,BR-116;CE-284;Rua Dom Quintino;CE-151;OSM-tertiary
OAE423,30115.0,encontrada,170.4388,21,BR-116;Rua Chico Pitombeira;CE-275;Avenida Joaquim Távora;OSM-tertiary;CE-153;Rua José Matos Leite;Rua Custódio Nunes;Rua da Residencia;OSM-primary;BR-404;CE-282;CE-282;Avenida Josefa Nogueira Monteiro;OSM-trunk_link,encontrada,282.9821,36,BR-116;Rua Chico Pitombeira;OSM-primary;BR-226;CE-138;BR-226;Rua Senador Fernandes Távora;CE-138;BR-226;CE-278;OSM-tertiary;RN-177;Rua Joaquim Torquato;Avenida Joaquim Torquato;BR-405;Rua Floriano Peixoto;Rua Coronel Alexandre Pinto;Rua Euclides Fernandes;Rua Capitão Israel;Rua Francisco Leão Veloso;Rua Francisco Fernandes Nogueira;OSM-secondary;Avenida Tirso Alves de Sousa;Avenida Frei Damião;PB-393;PB-395;Rua Beto Farias de Oliveira;CE-151;BR-116;CE-284;OSM-trunk_link
OAE424,30116.0,encontrada,26.8849,8,BR-116;CE-293;CE-393;Rua Santos Dumont;Rua Marcelino Leite;Rua Padre Misael Gomes;Avenida Santana,encontrada,26.8849,8,BR-116;CE-293;CE-393;Rua Santos Dumont;Rua Marcelino Leite;Rua Padre Misael Gomes;Avenida Santana
OAE425,30117.0,encontrada,36.6483,6,BR-116;BR-116;BR-230;OSM-tertiary;CE-151,encontrada,36.6483,6,BR-116;BR-116;BR-230;OSM-tertiary;CE-151
OAE426,30118.0,encontrada,170.3914,21,BR-116;CE-275;Avenida Joaquim Távora;OSM-tertiary;CE-153;Rua José Matos Leite;Rua Custódio Nunes;Rua da Residencia;OSM-primary;BR-404;CE-282;CE-282;Avenida Josefa Nogueira Monteiro;OSM-trunk_link;Rua Chico Pitombeira,encontrada,282.9348,36,BR-116;OSM-primary;BR-226;CE-138;BR-226;Rua Senador Fernandes Távora;CE-138;BR-226;CE-278;OSM-tertiary;RN-177;Rua Joaquim Torquato;Avenida Joaquim Torquato;BR-405;Rua Floriano Peixoto;Rua Coronel Alexandre Pinto;Rua Euclides Fernandes;Rua Capitão Israel;Rua Francisco Leão Veloso;Rua Francisco Fernandes Nogueira;OSM-secondary;Avenida Tirso Alves de Sousa;Avenida Frei Damião;PB-393;PB-395;Rua Beto Farias de Oliveira;CE-151;BR-116;CE-284;OSM-trunk_link;Rua Chico Pitombeira
OAE427,30119.0,encontrada,45.654,6,BR-116;OSM-tertiary;CE-151;Rua Dom Quintino;CE-284,encontrada,45.654,6,BR-116;OSM-tertiary;CE-151;Rua Dom Quintino;CE-284
OAE428,30120.0,encontrada,83.3107,10,BR-116;OSM-trunk_link;CE-282;BR-404;CE-282;CE-153;BR-404;CE-282;CE-153;CE-284;OSM-tertiary,encontrada,282.9498,36,BR-116;OSM-trunk_link;Rua Chico Pitombeira;OSM-primary;BR-226;CE-138;BR-226;Rua Senador Fernandes Távora;CE-138;BR-226;CE-278;OSM-tertiary;RN-177;Rua Joaquim Torquato;Avenida Joaquim Torquato;BR-405;Rua Floriano Peixoto;Rua Coronel Alexandre Pinto;Rua Euclides Fernandes;Rua Capitão Israel;Rua Francisco Leão Veloso;Rua Francisco Fernandes Nogueira;OSM-secondary;Avenida Tirso Alves de Sousa;Avenida Frei Damião;PB-393;PB-395;Rua Beto Farias de Oliveira;CE-151;BR-116;CE-284
OAE429,30121.0,encontrada,96.1761,10,BR-116;CE-284;BR-116;BR-230;Rua Luis Jacinto;Rua Coronel João Augusto;OSM-tertiary;CE-153;CE-284,encontrada,282.9205,36,BR-116;CE-284;BR-116;OSM-tertiary;CE-151;Rua Beto Farias de Oliveira;OSM-secondary;PB-395;PB-393;Avenida Frei Damião;Avenida Tirso Alves de Sousa;Rua Francisco Fernandes Nogueira;Rua Francisco Leão Veloso;Rua Capitão Israel;Rua Euclides Fernandes;Rua Coronel Alexandre Pinto;Rua Floriano Peixoto;OSM-primary;BR-405;Avenida Joaquim Torquato;Rua Joaquim Torquato;RN-177;BR-226;BR-226;CE-278;CE-138;Rua Senador Fernandes Távora;CE-138;BR-226;Rua Chico Pitombeira;OSM-trunk_link
OAE430,30122.0,encontrada,170.4151,21,BR-116;Rua Chico Pitombeira;OSM-trunk_link;OSM-primary;CE-282;Avenida Josefa Nogueira Monteiro;BR-404;CE-282;CE-153;Rua da Residencia;Rua Custódio Nunes;Rua José Matos Leite;OSM-tertiary;Avenida Joaquim Távora;CE-275,encontrada,282.9585,36,BR-116;Rua Chico Pitombeira;OSM-trunk_link;BR-116;CE-284;OSM-tertiary;CE-151;Rua Beto Farias de Oliveira;OSM-secondary;PB-395;PB-393;Avenida Frei Damião;Avenida Tirso Alves de Sousa;Rua Francisco Fernandes Nogueira;Rua Francisco Leão Veloso;Rua Capitão Israel;Rua Euclides Fernandes;Rua Coronel Alexandre Pinto;Rua Floriano Peixoto;OSM-primary;BR-405;Avenida Joaquim Torquato;Rua Joaquim Torquato;RN-177;BR-226;BR-226;CE-278;CE-138;Rua Senador Fernandes Távora;CE-138;BR-226
OAE431,30123.0,encontrada,96.2115,10,BR-116;CE-284;OSM-tertiary;CE-284;CE-153;Rua Coronel João Augusto;Rua Luis Jacinto;BR-230;BR-116,encontrada,282.9559,36,BR-116;CE-284;BR-116;OSM-trunk_link;Rua Chico Pitombeira;OSM-primary;BR-226;CE-138;BR-226;Rua Senador Fernandes Távora;CE-138;BR-226;CE-278;OSM-tertiary;RN-177;Rua Joaquim Torquato;Avenida Joaquim Torquato;BR-405;Rua Floriano Peixoto;Rua Coronel Alexandre Pinto;Rua Euclides Fernandes;Rua Capitão Israel;Rua Francisco Leão Veloso;Rua Francisco Fernandes Nogueira;OSM-secondary;Avenida Tirso Alves de Sousa;Avenida Frei Damião;PB-393;PB-395;Rua Beto Farias de Oliveira;CE-151
OAE432,30124.0,encontrada,192.099,21,BR-116;Rua Chico Pitombeira;OSM-primary;BR-226;CE-138;Estrada de São Miguel A Pereira;Rua Manoel Queijo;Rua Manuel Queijo;Rua Milton Franca;Rua Doutor José Torquato;RN-177;OSM-tertiary;OSM-secondary;Rua Nova;Rua Diamante;CE-282;OSM-trunk_link,encontrada,282.9508,36,BR-116;Rua Chico Pitombeira;OSM-primary;BR-226;CE-138;BR-226;Rua Senador Fernandes Távora;CE-138;BR-226;CE-278;OSM-tertiary;RN-177;Rua Joaquim Torquato;Avenida Joaquim Torquato;BR-405;Rua Floriano Peixoto;Rua Coronel Alexandre Pinto;Rua Euclides Fernandes;Rua Capitão Israel;Rua Francisco Leão Veloso;Rua Francisco Fernandes Nogueira;OSM-secondary;Avenida Tirso Alves de Sousa;Avenida Frei Damião;PB-393;PB-395;Rua Beto Farias de Oliveira;CE-151;BR-116;CE-284;OSM-trunk_link
OAE433,30125.0,encontrada,170.4288,21,BR-116;CE-275;Avenida Joaquim Távora;OSM-tertiary;CE-153;Rua José Matos Leite;Rua Custódio Nunes;Rua da Residencia;OSM-primary;BR-404;CE-282;CE-282;Avenida Josefa Nogueira Monteiro;OSM-trunk_link;Rua Chico Pitombeira,encontrada,282.9722,36,BR-116;OSM-primary;BR-226;CE-138;BR-226;Rua Senador Fernandes Távora;CE-138;BR-226;CE-278;OSM-tertiary;RN-177;Rua Joaquim Torquato;Avenida Joaquim Torquato;BR-405;Rua Floriano Peixoto;Rua Coronel Alexandre Pinto;Rua Euclides Fernandes;Rua Capitão Israel;Rua Francisco Leão Veloso;Rua Francisco Fernandes Nogueira;OSM-secondary;Avenida Tirso Alves de Sousa;Avenida Frei Damião;PB-393;PB-395;Rua Beto Farias de Oliveira;CE-151;BR-116;CE-284;OSM-trunk_link;Rua Chico Pitombeira
OAE434,30126.0,encontrada,86.3149,13,OSM-trunk_link;BR-116;OSM-tertiary;CE-284;CE-153;BR-404;CE-282;CE-153;BR-404;CE-282;CE-282;Avenida Josefa Nogueira Monteiro;OSM-primary,encontrada,282.9176,37,OSM-trunk_link;BR-116;BR-116;CE-284;OSM-tertiary;CE-151;Rua Beto Farias de Oliveira;OSM-secondary;PB-395;PB-393;Avenida Frei Damião;Avenida Tirso Alves de Sousa;Rua Francisco Fernandes Nogueira;Rua Francisco Leão Veloso;Rua Capitão Israel;Rua Euclides Fernandes;Rua Coronel Alexandre Pinto;Rua Floriano Peixoto;OSM-primary;BR-405;Avenida Joaquim Torquato;Rua Joaquim Torquato;RN-177;BR-226;BR-226;CE-278;CE-138;Rua Senador Fernandes Távora;CE-138;BR-226;Rua Chico Pitombeira
OAE437,30129.0,encontrada,73.4555,11,BR-116;CE-393;CE-384;CE-384;CE-152;CE-152;PB-404;OSM-tertiary;CE-397;Avenida João Inácio de Lucena,encontrada,73.4555,11,BR-116;CE-393;CE-384;CE-384;CE-152;CE-152;PB-404;OSM-tertiary;CE-397;Avenida João Inácio de Lucena
OAE438,30130.0,encontrada,96.1401,10,BR-230;BR-116;BR-116;CE-284;OSM-tertiary;CE-284;CE-153;Rua Coronel João Augusto;Rua Luis Jacinto,encontrada,109.6562,10,BR-230;BR-116;BR-230;BR-116;OSM-trunk_link;CE-288;CE-153;Rua José Linhares;Rua Luis Jacinto
OAE439,30131.0,encontrada,25.4822,6,BR-230;OSM-tertiary;Desembargador Haroldo Correia de Oliveira Maximo;CE-166;BR-230;CE-489,grafo_desconexo,0.0,0,
OAE440,30132.0,encontrada,96.223,10,BR-230;Rua Luis Jacinto;Rua Coronel João Augusto;OSM-tertiary;CE-153;CE-284;BR-116;CE-284;BR-116,encontrada,109.7392,10,BR-230;Rua Luis Jacinto;Rua José Linhares;CE-153;CE-288;BR-116;OSM-trunk_link;BR-116;BR-230
OAE441,30133.0,encontrada,56.2716,4,BR-230;OSM-tertiary;CE-153;BR-230;CE-153,encontrada,56.2716,4,BR-230;OSM-tertiary;CE-153;BR-230;CE-153
OAE442,30134.0,encontrada,32.1775,5,BR-230;CE-060;CE-213;Avenida São Sebastião,encontrada,32.1775,5,BR-230;CE-060;CE-213;Avenida São Sebastião
OAE443,30135.0,encontrada,84.7504,9,BR-116;CE-397;CE-397;CE-153;CE-390;OSM-secondary;Rua São Sebastião;CE-528,encontrada,188.3585,15,BR-116;Avenida João Inácio de Lucena;CE-293;OSM-trunk_link;OSM-secondary;CE-060;CE-060;CE-223;PE-475;CE-528
OAE444,30136.0,encontrada,107.4643,9,BR-230;CE-060;BR-230;CE-153;CE-284;BR-122;CE-060;CE-060,grafo_desconexo,0.0,0,
OAE445,30137.0,encontrada,34.7508,6,BR-230;OSM-tertiary;Desembargador Haroldo Correia de Oliveira Maximo;CE-166,grafo_desconexo,0.0,0,
OAE446,30138.0,encontrada,112.3259,11,BR-230;CE-060;BR-122;CE-060;CE-284;CE-166;OSM-secondary;OSM-tertiary,grafo_desconexo,0.0,0,
OAE447,30139.0,encontrada,84.793,9,BR-116;CE-397;CE-397;CE-153;CE-390;OSM-secondary;Rua São Sebastião;CE-528,encontrada,188.401,15,BR-116;Avenida João Inácio de Lucena;CE-293;OSM-trunk_link;OSM-secondary;CE-060;CE-060;CE-223;PE-475;CE-528
OAE448,30140.0,encontrada,164.9263,24,CE-275;BR-226;CE-368;CE-368;CE-371;Estrada para Jaguaribe;Rua José Guerra;Avenida do Contorno;Avenida Governador Manoel de Castro Filho;CE-269;OSM-secondary_link;CE-546;Avenida Vereador Sobrinho;OSM-secondary;BR-116;Rua Sigefredo Diógenes;Rua da Rodoviaria 2;Rua Savino Barreira;Avenida GIl Teixeira Bastos;Rua Gil Teixeira Bastos,encontrada,164.9263,24,CE-275;BR-226;CE-368;CE-368;CE-371;Estrada para Jaguaribe;Rua José Guerra;Avenida do Contorno;Avenida Governador Manoel de Castro Filho;CE-269;OSM-secondary_link;CE-546;Avenida Vereador Sobrinho;OSM-secondary;BR-116;Rua Sigefredo Diógenes;Rua da Rodoviaria 2;Rua Savino Barreira;Avenida GIl Teixeira Bastos;Rua Gil Teixeira Bastos
OAE449,30141.0,encontrada,202.3177,17,BR-226;BR-226;CE-371;Rua José Gomes Pinheiro;CE-371;OSM-tertiary;CE-275;CE-371;CE-060;OSM-primary;BR-122;CE-375;CE-375;BR-122;Avenida Perimetral;CE-153;BR-122,grafo_desconexo,0.0,0,
OAE450,30142.0,encontrada,43.7611,9,BR-226;Rua José Gomes Pinheiro;CE-371;OSM-tertiary;Avenida Vereador Acácio Nascimento Silva;Rua João Alfredo Pinheiro;Avenida Joaquim Dantas Pinheiro,encontrada,43.7611,9,BR-226;Rua José Gomes Pinheiro;CE-371;OSM-tertiary;Avenida Vereador Acácio Nascimento Silva;Rua João Alfredo Pinheiro;Avenida Joaquim Dantas Pinheiro
OAE451,30143.0,encontrada,3.3176,8,BR-226;Rua Audízio Vieira do Nascimento;Rua Pedro II;Rua Franco Magalhães;Rua José Benigno Soares;Rua Antônio Soares;Rua Sisgismundo Rodrigues;OSM-tertiary,encontrada,126.893,18,BR-226;CE-363;BR-226;CE-060;CE-060;CE-060;CE-363;CE-166;OSM-secondary;Avenida José Chagas Filho;OSM-tertiary;Rua Antônio Pessoa de Carvalho;Rua Franco Magalhães;Rua Antônio Soares;Rua Sisgismundo Rodrigues
OAE452,30144.0,encontrada,43.6817,9,BR-226;CE-371;Avenida Joaquim Dantas Pinheiro;Rua João Alfredo Pinheiro;Avenida Vereador Acácio Nascimento Silva;OSM-tertiary;Rua José Gomes Pinheiro,encontrada,43.6817,9,BR-226;CE-371;Avenida Joaquim Dantas Pinheiro;Rua João Alfredo Pinheiro;Avenida Vereador Acácio Nascimento Silva;OSM-tertiary;Rua José Gomes Pinheiro
OAE453,30145.0,encontrada,187.9081,13,CE-153;BR-122;CE-153;CE-368;BR-122;CE-266;CE-371;Avenida Governador Manoel de Castro Filho;Avenida do Contorno;Rua José Guerra;Estrada para Jaguaribe;Rua Maria do Socorro Oliveira;Avenida Ex Combatente Cricerio Pinheiro Maia;OSM-tertiary,encontrada,187.9081,13,CE-153;BR-122;CE-153;CE-368;BR-122;CE-266;CE-371;Avenida Governador Manoel de Castro Filho;Avenida do Contorno;Rua José Guerra;Estrada para Jaguaribe;Rua Maria do Socorro Oliveira;Avenida Ex Combatente Cricerio Pinheiro Maia;OSM-tertiary
OAE454,30146.0,encontrada,202.3092,17,BR-226;CE-153;BR-122;CE-375;BR-122;Avenida Perimetral;BR-122;CE-375;CE-060;OSM-primary;CE-371;CE-275;CE-371;OSM-tertiary;Rua José Gomes Pinheiro;BR-226;CE-371,grafo_desconexo,0.0,0,
OAE455,30147.0,encontrada,3.9152,9,BR-226;Rua Audízio Vieira do Nascimento;Rua Pedro II;Rua Franco Magalhães;Avenida Carlos Jereissanti;CE-363;Avenida José Rolim Gomes;OSM-secondary,encontrada,119.0761,6,BR-226;CE-166;CE-060;CE-363
OAE456,30148.0,encontrada,202.3343,17,BR-226;BR-226;CE-371;Rua José Gomes Pinheiro;CE-371;OSM-tertiary;CE-275;CE-371;CE-060;OSM-primary;BR-122;CE-375;CE-375;BR-122;Avenida Perimetral;CE-153;BR-122,grafo_desconexo,0.0,0,
OAE457,30149.0,encontrada,88.4845,5,BR-226;BR-226;CE-060;CE-060;CE-363,encontrada,119.0366,6,BR-226;CE-060;CE-166;CE-363
OAE458,30150.0,encontrada,15.6031,3,BR-226;CE-060;OSM-tertiary,encontrada,15.6031,3,BR-226;CE-060;OSM-tertiary
OAE459,30151.0,encontrada,88.4586,5,BR-226;CE-363;CE-060;BR-226;CE-060,encontrada,119.0106,6,BR-226;CE-363;CE-166;CE-060
OAE460,30152.0,encontrada,51.4217,5,BR-226;CE-060;OSM-tertiary;CE-060;Rodovia do Algodão,encontrada,51.4217,5,BR-226;CE-060;OSM-tertiary;CE-060;Rodovia do Algodão
OAE461,30153.0,encontrada,51.5272,5,BR-226;CE-060;Rodovia do Algodão;CE-060;OSM-tertiary,encontrada,51.5272,5,BR-226;CE-060;Rodovia do Algodão;CE-060;OSM-tertiary
OAE462,30154.0,encontrada,88.4464,5,BR-226;CE-363;CE-060;BR-226;CE-060,encontrada,118.9985,6,BR-226;CE-363;CE-166;CE-060
OAE463,30155.0,encontrada,37.5351,4,BR-226;BR-226;CE-060;OSM-tertiary,encontrada,37.5351,4,BR-226;BR-226;CE-060;OSM-tertiary
OAE464,30156.0,encontrada,37.5188,4,BR-226;BR-226;CE-060;OSM-tertiary,encontrada,37.5188,4,BR-226;BR-226;CE-060;OSM-tertiary
OAE465,30157.0,encontrada,88.4401,5,BR-226;BR-226;CE-060;CE-060;CE-363,encontrada,118.9921,6,BR-226;CE-060;CE-166;CE-363
OAE466,30158.0,encontrada,190.3824,17,BR-226;CE-060;CE-060;CE-363;CE-363;OSM-tertiary;CE-363;CE-168;Rua Ana Soares Pedrosa 2;CE-168;Rua Antônio Marcos Pereira;Rua Professor Osorino Mendes;Rua José Paulino de Sousa;BR-226;CE-168,encontrada,218.6275,14,BR-226;OSM-tertiary;CE-060;CE-166;CE-265;BR-020;Rua Vinte Seis de Junho;Rua Vinte e Um de Novembro;Rua Agronomando Rangel;CE-266;Rua Balbina Vieira Almeida;CE-168;BR-226;CE-168
OAE467,30159.0,encontrada,125.6299,10,BR-226;Rodovia Presidente Juscelino Kubitschek;BR-020;Rua Antônio Rocha Bezerra;Rua Antônio Domingues;CE-266;Rua Balbina Vieira Almeida;CE-168,encontrada,125.6299,10,BR-226;Rodovia Presidente Juscelino Kubitschek;BR-020;Rua Antônio Rocha Bezerra;Rua Antônio Domingues;CE-266;Rua Balbina Vieira Almeida;CE-168
OAE468,30160.0,encontrada,122.9357,10,BR-226;OSM-tertiary;Rua José Paulino de Sousa;Rua Professor Osorino Mendes;Rua Antônio Marcos Pereira;CE-587;BR-020;Rodovia Presidente Juscelino Kubitschek,encontrada,125.6226,10,BR-226;CE-168;Rua Balbina Vieira Almeida;CE-266;Rua Antônio Domingues;Rua Antônio Rocha Bezerra;BR-020;Rodovia Presidente Juscelino Kubitschek
OAE469,30161.0,encontrada,122.9671,10,BR-226;OSM-tertiary;Rua José Paulino de Sousa;Rua Professor Osorino Mendes;Rua Antônio Marcos Pereira;CE-587;BR-020;Rodovia Presidente Juscelino Kubitschek,encontrada,125.654,10,BR-226;CE-168;Rua Balbina Vieira Almeida;CE-266;Rua Antônio Domingues;Rua Antônio Rocha Bezerra;BR-020;Rodovia Presidente Juscelino Kubitschek
OAE470,30162.0,encontrada,122.9615,10,BR-226;Rodovia Presidente Juscelino Kubitschek;BR-020;CE-587;OSM-tertiary;Rua Antônio Marcos Pereira;Rua Professor Osorino Mendes;Rua José Paulino de Sousa,encontrada,125.6484,10,BR-226;Rodovia Presidente Juscelino Kubitschek;BR-020;Rua Antônio Rocha Bezerra;Rua Antônio Domingues;CE-266;Rua Balbina Vieira Almeida;CE-168
OAE471,30163.0,encontrada,4.5925,13,BR-404;CE-187;Rua Alexandre Bonfim;Rua Antônio Catuanda;Avenida Sargento Hermínio;Rua Francisco Sá;Rua Bento Coutinho;Rua Coronel Lúcio;Rua Agamenon Machado;Rua Lima Campos;Travessa Menino Jesus;Rua Quintino Cunha;BR-404;CE-189,encontrada,4.5925,13,BR-404;CE-187;Rua Alexandre Bonfim;Rua Antônio Catuanda;Avenida Sargento Hermínio;Rua Francisco Sá;Rua Bento Coutinho;Rua Coronel Lúcio;Rua Agamenon Machado;Rua Lima Campos;Travessa Menino Jesus;Rua Quintino Cunha;BR-404;CE-189
OAE472,30164.0,encontrada,7.5088,10,BR-404;CE-189;Rua Joaquim Lopes de Araújo;Rua Gentil Falção;OSM-tertiary;Rua Menezes PImentel;Rua Padre Juvêncio;Rua Firmino Rosa;CE-447,encontrada,7.5088,10,BR-404;CE-189;Rua Joaquim Lopes de Araújo;Rua Gentil Falção;OSM-tertiary;Rua Menezes PImentel;Rua Padre Juvêncio;Rua Firmino Rosa;CE-447
OAE473,30165.0,encontrada,130.9891,13,BR-404;CE-189;Rua Franklin José Vieira;Rua João Luciano;Rua Raimundo Evaristo;OSM-tertiary;Rua Francisco Lopes;Rua Cornelio Rosa;OSM-secondary;Rua Higino Gonçalves Rosa;BR-403;CE-187;OSM-primary_link,grafo_desconexo,0.0,0,
OAE474,30166.0,encontrada,134.056,21,BR-226;OSM-tertiary;Rua F;Rua C;Estrada Monte Sinai a Tranqueiras;BR-404;CE-187;BR-404/CE-187;OSM-primary_link;Rua Humberto de Campos;Rua Doutor Júlio Lima;Rua Renato Braga;Rua Gustavo Barroso;Rua Oswaldo Cruz;Rua Antônio Sales,grafo_desconexo,0.0,0,
OAE475,30167.0,encontrada,134.0167,21,BR-226;OSM-tertiary;Rua F;Rua C;Estrada Monte Sinai a Tranqueiras;BR-404;CE-187;BR-404/CE-187;OSM-primary_link;Rua Humberto de Campos;Rua Doutor Júlio Lima;Rua Renato Braga;Rua Gustavo Barroso;Rua Oswaldo Cruz;Rua Antônio Sales,grafo_desconexo,0.0,0,
OAE476,30168.0,encontrada,131.0071,13,BR-404;CE-189;BR-403;CE-187;OSM-primary_link;Rua Higino Gonçalves Rosa;OSM-secondary;Rua Cornelio Rosa;Rua Francisco Lopes;OSM-tertiary;Rua Raimundo Evaristo;Rua João Luciano;Rua Franklin José Vieira,grafo_desconexo,0.0,0,
OAE477,30169.0,encontrada,131.0236,13,BR-404;CE-189;Rua Franklin José Vieira;Rua João Luciano;Rua Raimundo Evaristo;OSM-tertiary;Rua Francisco Lopes;Rua Cornelio Rosa;OSM-secondary;Rua Higino Gonçalves Rosa;BR-403;CE-187;OSM-primary_link,grafo_desconexo,0.0,0,
OAE478,30170.0,encontrada,162.5513,15,BR-226;OSM-tertiary;Rua F;Rua C;Estrada Monte Sinai a Tranqueiras;BR-404;CE-187;CE-457;CE-176;Rua Alexandre Bonfim,grafo_desconexo,0.0,0,
OAE479,30171.0,encontrada,75.8609,5,BR-403;CE-183;BR-222;CE-321;CE-253,encontrada,75.8609,5,BR-403;CE-183;BR-222;CE-321;CE-253
OAE480,30172.0,encontrada,130.9859,13,BR-404;CE-189;Rua Franklin José Vieira;Rua João Luciano;Rua Raimundo Evaristo;OSM-tertiary;Rua Francisco Lopes;Rua Cornelio Rosa;OSM-secondary;Rua Higino Gonçalves Rosa;BR-403;CE-187;OSM-primary_link,grafo_desconexo,0.0,0,
OAE481,30173.0,encontrada,162.4876,15,BR-226;OSM-tertiary;Rua F;Rua C;Estrada Monte Sinai a Tranqueiras;BR-404;CE-187;CE-457;CE-176;Rua Alexandre Bonfim,grafo_desconexo,0.0,0,
OAE482,30174.0,encontrada,211.8172,15,BR-226;CE-176;OSM-secondary;Rua Manuel Ferreira de Melo;OSM-tertiary;CE-266;Estrada Para Curatis;CE-467;BR-020;Rodovia Presidente Juscelino Kubitschek,grafo_desconexo,0.0,0,
OAE483,30175.0,encontrada,41.8618,7,BR-222;BR-403;Avenida Senador José Ermírio de Moraes;CE-417;CE-183;BR-222;BR-403;CE-183,encontrada,41.8618,7,BR-222;BR-403;Avenida Senador José Ermírio de Moraes;CE-417;CE-183;BR-222;BR-403;CE-183
OAE484,30176.0,encontrada,8.9847,11,BR-222;BR-403;Avenida Senador José Ermírio de Moraes;Rua Tabelião Ildefonso Cavalcante;Rua Coronel José Inácio;Avenida Dom José Tupinambá da Frota;Rua Coronel José Sabóia;Avenida Monsenhor Aloísio Pinto;Rua José Lopes Ponte;Avenida Manoel Machado de Araújo;Rua Paralela a BR-222,encontrada,8.9847,11,BR-222;BR-403;Avenida Senador José Ermírio de Moraes;Rua Tabelião Ildefonso Cavalcante;Rua Coronel José Inácio;Avenida Dom José Tupinambá da Frota;Rua Coronel José Sabóia;Avenida Monsenhor Aloísio Pinto;Rua José Lopes Ponte;Avenida Manoel Machado de Araújo;Rua Paralela a BR-222
OAE485,30177.0,encontrada,131.0294,13,BR-404;CE-189;BR-403;CE-187;OSM-primary_link;Rua Higino Gonçalves Rosa;OSM-secondary;Rua Cornelio Rosa;Rua Francisco Lopes;OSM-tertiary;Rua Raimundo Evaristo;Rua João Luciano;Rua Franklin José Vieira,grafo_desconexo,0.0,0,
OAE486,30178.0,encontrada,75.8294,5,BR-403;CE-183;CE-253;CE-321;BR-222,encontrada,75.8294,5,BR-403;CE-183;CE-253;CE-321;BR-222
OAE487,30179.0,encontrada,75.8375,5,BR-403;CE-183;CE-253;CE-321;BR-222,encontrada,75.8375,5,BR-403;CE-183;CE-253;CE-321;BR-222
OAE488,30180.0,encontrada,131.0117,13,BR-404;CE-189;BR-403;CE-187;OSM-primary_link;Rua Higino Gonçalves Rosa;OSM-secondary;Rua Cornelio Rosa;Rua Francisco Lopes;OSM-tertiary;Rua Raimundo Evaristo;Rua João Luciano;Rua Franklin José Vieira,grafo_desconexo,0.0,0,
OAE489,30181.0,encontrada,6.267,16,BR-404;CE-189;BR-404;CE-187;Rua Alexandre Bonfim;Rua Antônio Catuanda;Avenida Sargento Hermínio;Rua Francisco Sá;Rua Bento Coutinho;Rua Coronel Lúcio;Rua Agamenon Machado;Rua Anizio Frota;Rua Menezes PImentel;OSM-tertiary;Rua Gentil Falção;Rua Hanneman Magalhães,encontrada,6.267,16,BR-404;CE-189;BR-404;CE-187;Rua Alexandre Bonfim;Rua Antônio Catuanda;Avenida Sargento Hermínio;Rua Francisco Sá;Rua Bento Coutinho;Rua Coronel Lúcio;Rua Agamenon Machado;Rua Anizio Frota;Rua Menezes PImentel;OSM-tertiary;Rua Gentil Falção;Rua Hanneman Magalhães
OAE490,30182.0,encontrada,130.6845,13,BR-404;CE-189;BR-403;CE-187;OSM-primary_link;Rua Higino Gonçalves Rosa;OSM-secondary;Rua Cornelio Rosa;Rua Francisco Lopes;OSM-tertiary;Rua Raimundo Evaristo;Rua João Luciano;Rua Franklin José Vieira,grafo_desconexo,0.0,0,
OAE491,30183.0,encontrada,3.9679,6,Avenida Senador Fernandes Távora;Avenida Moacir Lima Feijão;OSM-secondary;Avenida Monsenhor Aloísio Pinto;Rua Coronel Antônio Rodrigues Magalhães,encontrada,3.9679,6,Avenida Senador Fernandes Távora;Avenida Moacir Lima Feijão;OSM-secondary;Avenida Monsenhor Aloísio Pinto;Rua Coronel Antônio Rodrigues Magalhães
OAE492,30184.0,encontrada,131.0013,13,BR-404;CE-189;BR-403;CE-187;OSM-primary_link;Rua Higino Gonçalves Rosa;OSM-secondary;Rua Cornelio Rosa;Rua Francisco Lopes;OSM-tertiary;Rua Raimundo Evaristo;Rua João Luciano;Rua Franklin José Vieira,grafo_desconexo,0.0,0,
OAE493,30185.0,encontrada,61.4663,9,BR-222;OSM-trunk_link;BR-222;BR-403;CE-179;CE-253;OSM-tertiary;CE-362,encontrada,121.61,18,BR-222;OSM-trunk_link;BR-222;BR-403;Avenida Senador Fernandes Távora;Avenida Maria da Conceição Pontes de Azevedo;Estrada das Marrecas;Avenida Prefeito José Euclides Ferreira Gomes Júnior;CE-417;BR-403;CE-178;CE-240;CE-176;OSM-tertiary;Avenida Linha Francisco Marques;Rodovia Doutor José Euclides Ferreira Gomes Júnior
OAE494,30186.0,encontrada,61.4353,9,BR-222;OSM-trunk_link;BR-222;BR-403;CE-179;CE-253;OSM-tertiary;CE-362,encontrada,121.579,18,BR-222;OSM-trunk_link;BR-222;BR-403;Avenida Senador Fernandes Távora;Avenida Maria da Conceição Pontes de Azevedo;Estrada das Marrecas;Avenida Prefeito José Euclides Ferreira Gomes Júnior;CE-417;BR-403;CE-178;CE-240;CE-176;OSM-tertiary;Avenida Linha Francisco Marques;Rodovia Doutor José Euclides Ferreira Gomes Júnior
OAE495,30187.0,encontrada,75.7633,5,BR-403;CE-183;BR-222;CE-321;CE-253,encontrada,75.7633,5,BR-403;CE-183;BR-222;CE-321;CE-253
OAE496,30188.0,encontrada,5.3428,7,Rua Othon de Alencar;Rua Oriano Mendes;Rua Doutor Carlito Pompeu;Avenida Monsenhor Aloísio Pinto;OSM-secondary;Avenida Moacir Lima Feijão;Avenida Senador Fernandes Távora,encontrada,5.3428,7,Rua Othon de Alencar;Rua Oriano Mendes;Rua Doutor Carlito Pompeu;Avenida Monsenhor Aloísio Pinto;OSM-secondary;Avenida Moacir Lima Feijão;Avenida Senador Fernandes Távora
OAE497,30189.0,encontrada,3.9596,6,Avenida Senador Fernandes Távora;Rua Coronel Antônio Rodrigues Magalhães;Avenida Monsenhor Aloísio Pinto;OSM-secondary;Avenida Moacir Lima Feijão,encontrada,3.9596,6,Avenida Senador Fernandes Távora;Rua Coronel Antônio Rodrigues Magalhães;Avenida Monsenhor Aloísio Pinto;OSM-secondary;Avenida Moacir Lima Feijão
OAE498,30190.0,encontrada,5.3356,7,Rua Othon de Alencar;Rua Oriano Mendes;Rua Doutor Carlito Pompeu;Avenida Monsenhor Aloísio Pinto;OSM-secondary;Avenida Moacir Lima Feijão;Avenida Senador Fernandes Távora,encontrada,5.3356,7,Rua Othon de Alencar;Rua Oriano Mendes;Rua Doutor Carlito Pompeu;Avenida Monsenhor Aloísio Pinto;OSM-secondary;Avenida Moacir Lima Feijão;Avenida Senador Fernandes Távora
OAE499,30191.0,encontrada,8.6457,11,BR-222;BR-403;Rua Paralela a BR-222;Avenida Manoel Machado de Araújo;Rua José Lopes Ponte;Avenida Monsenhor Aloísio Pinto;Rua Coronel José Sabóia;Avenida Dom José Tupinambá da Frota;Rua Coronel José Inácio;Rua Tabelião Ildefonso Cavalcante;Avenida Senador José Ermírio de Moraes,encontrada,8.6457,11,BR-222;BR-403;Rua Paralela a BR-222;Avenida Manoel Machado de Araújo;Rua José Lopes Ponte;Avenida Monsenhor Aloísio Pinto;Rua Coronel José Sabóia;Avenida Dom José Tupinambá da Frota;Rua Coronel José Inácio;Rua Tabelião Ildefonso Cavalcante;Avenida Senador José Ermírio de Moraes
OAE500,30192.0,encontrada,8.9254,10,BR-222;BR-403;Avenida Senador Fernandes Távora;Rua Caetano Figueiredo;Rua 07;Rua Raimundo Rodrigues;Avenida Julys Alisson Soares Balrreira;BR-403;CE-178;OSM-trunk_link,encontrada,121.646,18,BR-222;BR-403;Avenida Senador Fernandes Távora;Avenida Maria da Conceição Pontes de Azevedo;Estrada das Marrecas;Avenida Prefeito José Euclides Ferreira Gomes Júnior;CE-417;BR-403;CE-178;CE-240;CE-176;OSM-tertiary;Avenida Linha Francisco Marques;Rodovia Doutor José Euclides Ferreira Gomes Júnior;OSM-trunk_link;BR-222
OAE502,30194.0,encontrada,24.1843,8,BR-020;OSM-trunk_link;Rodovia Raimundo Pessoa de Araújo;CE-251;Estrada para Caraussanga,encontrada,110.4327,15,BR-020;OSM-trunk_link;CE-065;Rua Doutor Argeu Braga Herbster;Rua Capitão Jeová Colares;Rua Chico Anísio;Avenida Doutor Stênio Gomes;CE-455;CE-354
OAE503,30195.0,encontrada,108.818,9,BR-020;BR Velha;CE-253;CE-065;Rua Padre Quiliano;CE-155;CE-354,encontrada,108.818,9,BR-020;BR Velha;CE-253;CE-065;Rua Padre Quiliano;CE-155;CE-354
OAE504,30196.0,encontrada,143.1893,11,BR-020;Avenida Coronel José Cícero Sampaio;CE-253;CE-356;OSM-tertiary;Rua Joaquim Alves Nogueira;CE-065;CE-356;CE-065;CE-257,encontrada,143.1893,11,BR-020;Avenida Coronel José Cícero Sampaio;CE-253;CE-356;OSM-tertiary;Rua Joaquim Alves Nogueira;CE-065;CE-356;CE-065;CE-257
OAE505,30197.0,encontrada,143.1918,11,BR-020;Avenida Coronel José Cícero Sampaio;CE-253;CE-356;OSM-tertiary;Rua Joaquim Alves Nogueira;CE-065;CE-356;CE-065;CE-257,encontrada,143.1918,11,BR-020;Avenida Coronel José Cícero Sampaio;CE-253;CE-356;OSM-tertiary;Rua Joaquim Alves Nogueira;CE-065;CE-356;CE-065;CE-257
OAE506,30198.0,encontrada,86.8985,9,BR-020;OSM-trunk_link;OSM-tertiary;Estrada do Corrente - Ipu - Tucunduba;CE-065;CE-455;CE-354,encontrada,110.4293,15,BR-020;OSM-trunk_link;CE-065;Rua Doutor Argeu Braga Herbster;Rua Capitão Jeová Colares;Rua Chico Anísio;Avenida Doutor Stênio Gomes;CE-455;CE-354
OAE507,30199.0,encontrada,86.9648,9,BR-020;CE-354;CE-455;CE-065;OSM-tertiary;Estrada do Corrente - Ipu - Tucunduba;OSM-trunk_link,encontrada,110.4956,15,BR-020;CE-354;CE-455;CE-065;Avenida Doutor Stênio Gomes;Rua Chico Anísio;Rua Capitão Jeová Colares;Rua Doutor Argeu Braga Herbster;OSM-trunk_link
OAE508,30200.0,encontrada,86.9297,9,BR-020;CE-354;CE-455;CE-065;OSM-tertiary;Estrada do Corrente - Ipu - Tucunduba;OSM-trunk_link,encontrada,110.4604,15,BR-020;CE-354;CE-455;CE-065;Avenida Doutor Stênio Gomes;Rua Chico Anísio;Rua Capitão Jeová Colares;Rua Doutor Argeu Braga Herbster;OSM-trunk_link
OAE509,30201.0,encontrada,86.9315,9,BR-020;CE-354;CE-455;CE-065;OSM-tertiary;Estrada do Corrente - Ipu - Tucunduba;OSM-trunk_link,encontrada,110.4623,15,BR-020;CE-354;CE-455;CE-065;Avenida Doutor Stênio Gomes;Rua Chico Anísio;Rua Capitão Jeová Colares;Rua Doutor Argeu Braga Herbster;OSM-trunk_link
OAE510,30202.0,encontrada,86.9034,9,BR-020;OSM-trunk_link;OSM-tertiary;Estrada do Corrente - Ipu - Tucunduba;CE-065;CE-455;CE-354,encontrada,110.4342,15,BR-020;OSM-trunk_link;CE-065;Rua Doutor Argeu Braga Herbster;Rua Capitão Jeová Colares;Rua Chico Anísio;Avenida Doutor Stênio Gomes;CE-455;CE-354
OAE511,30203.0,encontrada,86.9027,9,BR-020;CE-354;CE-455;CE-065;OSM-tertiary;Estrada do Corrente - Ipu - Tucunduba;OSM-trunk_link,encontrada,110.4334,15,BR-020;CE-354;CE-455;CE-065;Avenida Doutor Stênio Gomes;Rua Chico Anísio;Rua Capitão Jeová Colares;Rua Doutor Argeu Braga Herbster;OSM-trunk_link
OAE512,30204.0,encontrada,86.8976,9,BR-020;CE-354;CE-455;CE-065;OSM-tertiary;Estrada do Corrente - Ipu - Tucunduba;OSM-trunk_link,encontrada,110.4284,15,BR-020;CE-354;CE-455;CE-065;Avenida Doutor Stênio Gomes;Rua Chico Anísio;Rua Capitão Jeová Colares;Rua Doutor Argeu Braga Herbster;OSM-trunk_link
OAE513,30205.0,encontrada,7.1622,6,Avenida Senador José Ermírio de Moraes;CE-417;Avenida Ministro César Cals;Rua Manoel Marinho de Andrade;Rua Manuel Marinho de Andrade,encontrada,7.1622,6,Avenida Senador José Ermírio de Moraes;CE-417;Avenida Ministro César Cals;Rua Manoel Marinho de Andrade;Rua Manuel Marinho de Andrade
OAE514,30206.0,encontrada,67.892,9,BR-403;CE-085;BR-403;CE-216;BR-402;CE-179;Avenida Tenente Albano;OSM-primary;OSM-trunk;CE-085,encontrada,67.892,9,BR-403;CE-085;BR-403;CE-216;BR-402;CE-179;Avenida Tenente Albano;OSM-primary;OSM-trunk;CE-085
OAE515,30207.0,encontrada,86.9655,9,BR-020;CE-354;CE-455;CE-065;OSM-tertiary;Estrada do Corrente - Ipu - Tucunduba;OSM-trunk_link,encontrada,110.4963,15,BR-020;CE-354;CE-455;CE-065;Avenida Doutor Stênio Gomes;Rua Chico Anísio;Rua Capitão Jeová Colares;Rua Doutor Argeu Braga Herbster;OSM-trunk_link
OAE516,30208.0,encontrada,24.1904,8,BR-020;CE-251;Estrada para Caraussanga;Rodovia Raimundo Pessoa de Araújo;OSM-trunk_link,encontrada,110.4387,15,BR-020;OSM-trunk_link;CE-354;CE-455;CE-065;Avenida Doutor Stênio Gomes;Rua Chico Anísio;Rua Capitão Jeová Colares;Rua Doutor Argeu Braga Herbster
OAE517,30209.0,encontrada,53.9979,15,BR-020;OSM-trunk_link;OSM-tertiary;Estrada do Corrente - Ipu - Tucunduba;CE-065;Avenida Doutor Stênio Gomes;Rua Chico Anísio;Rua Capitão Jeová Colares;Rua Doutor Argeu Braga Herbster;CE-251;Estrada para Caraussanga,encontrada,110.4728,15,BR-020;OSM-trunk_link;CE-354;CE-455;CE-065;Avenida Doutor Stênio Gomes;Rua Chico Anísio;Rua Capitão Jeová Colares;Rua Doutor Argeu Braga Herbster
OAE518,30210.0,encontrada,8.1121,5,Rua da Independência;Rua José Martins;CE-085;OSM-tertiary,encontrada,8.1121,5,Rua da Independência;Rua José Martins;CE-085;OSM-tertiary
OAE519,30211.0,encontrada,64.3361,7,CE-216;CE-179;Avenida José Milton de Oliveira;OSM-tertiary;Rua Francisco Romão,encontrada,64.3361,7,CE-216;CE-179;Avenida José Milton de Oliveira;OSM-tertiary;Rua Francisco Romão
OAE520,30212.0,encontrada,40.491,11,CE-216;BR-402;CE-179;CE-354;BR-403;CE-178;BR-403;BR-403;CE-354;CE-178;BR-402;BR-403;BR-402;BR-403;CE-178;OSM-primary_link,encontrada,67.6619,9,CE-216;BR-402;CE-179;Avenida Tenente Albano;OSM-primary;OSM-trunk;CE-085;BR-403;CE-085;BR-403
OAE521,30213.0,encontrada,107.4951,7,BR-402;CE-354;BR-402;CE-176;OSM-primary;CE-085;CE-177,encontrada,107.4951,7,BR-402;CE-354;BR-402;CE-176;OSM-primary;CE-085;CE-177
OAE522,30214.0,encontrada,218.9074,17,BR-122;CE-368;BR-122;CE-368;CE-153;CE-153;CE368;BR-122;CE-153;CE-368;BR-122;CE-266;CE-371;Avenida Manoel Castro de Andrade;Rua Cipriano Maia;Rua Coronel Tibúrcio;Rua Paulino Massaranduba;CE-265;Rua Tenente Cravo;CE-060;BR-122;CE-060;BR-122,grafo_desconexo,0.0,0,
OAE523,30215.0,encontrada,218.8768,17,BR-122;CE-368;BR-122;CE-368;CE-153;CE-153;CE368;BR-122;CE-153;CE-368;BR-122;CE-266;CE-371;Avenida Manoel Castro de Andrade;Rua Cipriano Maia;Rua Coronel Tibúrcio;Rua Paulino Massaranduba;CE-265;Rua Tenente Cravo;CE-060;BR-122;CE-060;BR-122,grafo_desconexo,0.0,0,
OAE524,30216.0,encontrada,10.9983,9,CE-085;Avenida Coronel Correia;Rua Coronel Correia;Rua Doutor João Hipólito;Rua Juací Sampaio Pontes;Avenida da Integração;BR-020;BR-222;OSM-trunk_link,encontrada,10.9983,9,CE-085;Avenida Coronel Correia;Rua Coronel Correia;Rua Doutor João Hipólito;Rua Juací Sampaio Pontes;Avenida da Integração;BR-020;BR-222;OSM-trunk_link
OAE525,30217.0,encontrada,53.9665,15,BR-020;CE-251;Estrada para Caraussanga;CE-065;Rua Doutor Argeu Braga Herbster;Rua Capitão Jeová Colares;Rua Chico Anísio;Avenida Doutor Stênio Gomes;OSM-tertiary;Estrada do Corrente - Ipu - Tucunduba;OSM-trunk_link,encontrada,110.4414,15,BR-020;OSM-trunk_link;CE-065;Rua Doutor Argeu Braga Herbster;Rua Capitão Jeová Colares;Rua Chico Anísio;Avenida Doutor Stênio Gomes;CE-455;CE-354
OAE526,30218.0,encontrada,24.185,8,BR-020;CE-251;Estrada para Caraussanga;Rodovia Raimundo Pessoa de Araújo;OSM-trunk_link,encontrada,110.4334,15,BR-020;OSM-trunk_link;CE-354;CE-455;CE-065;Avenida Doutor Stênio Gomes;Rua Chico Anísio;Rua Capitão Jeová Colares;Rua Doutor Argeu Braga Herbster
OAE527,30219.0,encontrada,67.6777,9,BR-403;CE-085;BR-403;CE-216;BR-402;CE-179;Avenida Tenente Albano;OSM-primary;OSM-trunk;CE-085,encontrada,67.6777,9,BR-403;CE-085;BR-403;CE-216;BR-402;CE-179;Avenida Tenente Albano;OSM-primary;OSM-trunk;CE-085
OAE528,30220.0,encontrada,67.6769,8,CE-085;OSM-trunk;OSM-primary;Avenida Tenente Albano;CE-179;CE-216;BR-402;BR-403;BR-403;CE-085,encontrada,67.6769,8,CE-085;OSM-trunk;OSM-primary;Avenida Tenente Albano;CE-179;CE-216;BR-402;BR-403;BR-403;CE-085
OAE529,30221.0,encontrada,11.9075,14,BR-020;BR-222;CE-062;Avenida Senador Fernandes Távora;Rua José Mendonça;Avenida D;Avenida Alanis Maria Laurindo de Oliveira;Avenida Ministro Albuquerque Lima;Avenida C;Avenida J;Rua Paulino Pereira de Lemos;Avenida Dom Almeida Lustosa;OSM-trunk_link,encontrada,11.9075,14,BR-020;BR-222;CE-062;Avenida Senador Fernandes Távora;Rua José Mendonça;Avenida D;Avenida Alanis Maria Laurindo de Oliveira;Avenida Ministro Albuquerque Lima;Avenida C;Avenida J;Rua Paulino Pereira de Lemos;Avenida Dom Almeida Lustosa;OSM-trunk_link
OAE530,30222.0,encontrada,73.3646,10,CE-189;BR-404;CE-189;Avenida Raimundo Evaristo;Rua Aleixo Vieira;OSM-tertiary;Rua Saturnino Abreu Memória;CE-265;Rua Luís Vieira Torres;Rua João Almeida Filho,encontrada,73.3646,10,CE-189;BR-404;CE-189;Avenida Raimundo Evaristo;Rua Aleixo Vieira;OSM-tertiary;Rua Saturnino Abreu Memória;CE-265;Rua Luís Vieira Torres;Rua João Almeida Filho
OAE531,30223.0,encontrada,54.025,15,BR-020;OSM-trunk_link;OSM-tertiary;Estrada do Corrente - Ipu - Tucunduba;CE-065;Avenida Doutor Stênio Gomes;Rua Chico Anísio;Rua Capitão Jeová Colares;Rua Doutor Argeu Braga Herbster;CE-251;Estrada para Caraussanga,encontrada,110.5,15,BR-020;OSM-trunk_link;CE-354;CE-455;CE-065;Avenida Doutor Stênio Gomes;Rua Chico Anísio;Rua Capitão Jeová Colares;Rua Doutor Argeu Braga Herbster
OAE532,30224.0,encontrada,67.8056,9,BR-403;CE-085;CE-085;OSM-trunk;OSM-primary;Avenida Tenente Albano;CE-179;CE-216;BR-402;BR-403,encontrada,67.8056,9,BR-403;CE-085;CE-085;OSM-trunk;OSM-primary;Avenida Tenente Albano;CE-179;CE-216;BR-402;BR-403
OAE533,30225.0,encontrada,53.9869,15,BR-020;OSM-trunk_link;OSM-tertiary;Estrada do Corrente - Ipu - Tucunduba;CE-065;Avenida Doutor Stênio Gomes;Rua Chico Anísio;Rua Capitão Jeová Colares;Rua Doutor Argeu Braga Herbster;CE-251;Estrada para Caraussanga,encontrada,110.4619,15,BR-020;OSM-trunk_link;CE-354;CE-455;CE-065;Avenida Doutor Stênio Gomes;Rua Chico Anísio;Rua Capitão Jeová Colares;Rua Doutor Argeu Braga Herbster
OAE534,30226.0,encontrada,178.7983,14,BR-122;Avenida Jesus Maria e José;Rua Tenente Cravo;Rua Ader Ferreira Araújo;Avenida Plácido Castelo;CE-060;OSM-primary_link;CE-356;BR-122;CE-359;OSM-primary,encontrada,193.4354,16,BR-122;Avenida Jesus Maria e José;Rua Tenente Cravo;Rua Ader Ferreira Araújo;Avenida Plácido Castelo;CE-060;OSM-primary_link;CE-464;OSM-tertiary;BR-122;CE-359;OSM-primary
OAE535,30227.0,encontrada,218.8395,17,BR-122;CE-368;BR-122;CE-368;CE-153;CE-153;CE368;BR-122;CE-153;CE-368;BR-122;CE-266;CE-371;Avenida Manoel Castro de Andrade;Rua Cipriano Maia;Rua Coronel Tibúrcio;Rua Paulino Massaranduba;CE-265;Rua Tenente Cravo;CE-060;BR-122;CE-060;BR-122,grafo_desconexo,0.0,0,
OAE536,30228.0,encontrada,3.5841,9,Rua Doutor Catunda Gondim;Rua Demétrio Menezes;Avenida Coronel Carvalho;Rua Deputado Matoso Filho;Rua Padre Perdigão Sampaio;Rua Vicente de Paula;Rua Tomás Rodrigues;Avenida Mister Hull;BR-020;BR-222,encontrada,3.5841,9,Rua Doutor Catunda Gondim;Rua Demétrio Menezes;Avenida Coronel Carvalho;Rua Deputado Matoso Filho;Rua Padre Perdigão Sampaio;Rua Vicente de Paula;Rua Tomás Rodrigues;Avenida Mister Hull;BR-020;BR-222
OAE537,30229.0,encontrada,64.2935,7,CE-216;CE-179;Avenida José Milton de Oliveira;OSM-tertiary;Rua Francisco Romão,encontrada,64.2935,7,CE-216;CE-179;Avenida José Milton de Oliveira;OSM-tertiary;Rua Francisco Romão
OAE538,30230.0,encontrada,95.258,7,BR-402;BR-402;CE-354;CE-176;CE-240;OSM-primary,encontrada,95.258,7,BR-402;BR-402;CE-354;CE-176;CE-240;OSM-primary
OAE539,30231.0,encontrada,67.8916,9,BR-403;CE-085;BR-403;CE-216;BR-402;CE-179;Avenida Tenente Albano;OSM-primary;OSM-trunk;CE-085,encontrada,67.8916,9,BR-403;CE-085;BR-403;CE-216;BR-402;CE-179;Avenida Tenente Albano;OSM-primary;OSM-trunk;CE-085
OAE541,30233.0,encontrada,95.2825,7,BR-402;BR-402;CE-354;CE-176;CE-240;OSM-primary,encontrada,95.2825,7,BR-402;BR-402;CE-354;CE-176;CE-240;OSM-primary
OAE542,30234.0,encontrada,0.2409,1,OSM-trunk_link,encontrada,0.2409,1,OSM-trunk_link
OAE543,30235.0,encontrada,59.253,22,BR-116;CE-350;OSM-trunk_link;Rua Luiz Paula de Sousa;Avenida José Nicodemos de Assunção;Estrada da Cinzenta;Estrada da Aroeira;Estrada Patacas;Avenida Josué Leite de Freitas;CE-040;OSM-tertiary;Avenida José Nicodemos Assunção;Rua Ângelo Rodrigues Monteiro;CE-251;BR-116;CE-251;BR-116;CE-350;CE-251,encontrada,68.1959,26,BR-116;CE-350;OSM-trunk_link;Rua Luiz Paula de Sousa;Avenida José Nicodemos de Assunção;Estrada da Cinzenta;Estrada da Aroeira;Estrada Patacas;Avenida Josué Leite de Freitas;CE-040;OSM-tertiary;BR-020;BR-116;BR-116;CE-251;BR-116;CE-350;CE-251
OAE544,30236.0,encontrada,59.2459,22,BR-116;CE-350;BR-116;CE-350;CE-251;BR-116;CE-251;OSM-trunk_link;CE-251;Rua Ângelo Rodrigues Monteiro;OSM-tertiary;Avenida José Nicodemos Assunção;CE-040;Avenida Josué Leite de Freitas;Estrada Patacas;Estrada da Aroeira;Estrada da Cinzenta;Avenida José Nicodemos de Assunção;Rua Luiz Paula de Sousa,encontrada,68.1889,26,BR-116;CE-350;BR-116;CE-350;CE-251;BR-116;CE-251;OSM-trunk_link;BR-116;BR-020;CE-040;OSM-tertiary;Avenida Josué Leite de Freitas;Estrada Patacas;Estrada da Aroeira;Estrada da Cinzenta;Avenida José Nicodemos de Assunção;Rua Luiz Paula de Sousa
OAE545,30237.0,encontrada,7.1636,6,Avenida Senador José Ermírio de Moraes;CE-417;Avenida Ministro César Cals;Rua Manoel Marinho de Andrade;Rua Manuel Marinho de Andrade,encontrada,7.1636,6,Avenida Senador José Ermírio de Moraes;CE-417;Avenida Ministro César Cals;Rua Manoel Marinho de Andrade;Rua Manuel Marinho de Andrade
OAE546,30238.0,encontrada,59.1952,22,BR-116;CE-350;OSM-trunk_link;BR-116;CE-350;CE-251;BR-116;CE-251;CE-251;Rua Ângelo Rodrigues Monteiro;OSM-tertiary;Avenida José Nicodemos Assunção;CE-040;Avenida Josué Leite de Freitas;Estrada Patacas;Estrada da Aroeira;Estrada da Cinzenta;Avenida José Nicodemos de Assunção;Rua Luiz Paula de Sousa,encontrada,68.1382,26,BR-116;CE-350;OSM-trunk_link;BR-116;CE-350;CE-251;BR-116;CE-251;BR-116;BR-020;CE-040;OSM-tertiary;Avenida Josué Leite de Freitas;Estrada Patacas;Estrada da Aroeira;Estrada da Cinzenta;Avenida José Nicodemos de Assunção;Rua Luiz Paula de Sousa
OAE547,30239.0,encontrada,59.1949,22,BR-116;CE-350;Rua Luiz Paula de Sousa;Avenida José Nicodemos de Assunção;Estrada da Cinzenta;Estrada da Aroeira;Estrada Patacas;Avenida Josué Leite de Freitas;CE-040;OSM-trunk_link;OSM-tertiary;Avenida José Nicodemos Assunção;Rua Ângelo Rodrigues Monteiro;CE-251;BR-116;CE-251;BR-116;CE-350;CE-251,encontrada,68.1379,26,BR-116;CE-350;Rua Luiz Paula de Sousa;Avenida José Nicodemos de Assunção;Estrada da Cinzenta;Estrada da Aroeira;Estrada Patacas;Avenida Josué Leite de Freitas;CE-040;OSM-trunk_link;OSM-tertiary;BR-020;BR-116;BR-116;CE-251;BR-116;CE-350;CE-251
OAE548,30240.0,encontrada,107.5188,7,BR-402;CE-354;CE-177;CE-085;OSM-primary;CE-176;BR-402,encontrada,107.5188,7,BR-402;CE-354;CE-177;CE-085;OSM-primary;CE-176;BR-402
OAE549,30241.0,encontrada,107.4992,7,BR-402;CE-354;CE-177;CE-085;OSM-primary;CE-176;BR-402,encontrada,107.4992,7,BR-402;CE-354;CE-177;CE-085;OSM-primary;CE-176;BR-402
OAE550,30242.0,encontrada,95.213,6,BR-402;CE-240;OSM-primary;CE-176;BR-402;CE-354,encontrada,95.213,6,BR-402;CE-240;OSM-primary;CE-176;BR-402;CE-354
OAE551,30243.0,encontrada,7.9485,11,Rua Doutor Catunda Gondim;Rua Demétrio Menezes;Avenida Mister Hull;BR-020;BR-222;OSM-primary_link;Avenida Humberto Monte;Rua Rio Grande do Sul;Rua Pernambuco;Rua Guimarães Passos;Avenida Coronel Matos Dourado;Viaduto Antônio Bezerra,encontrada,7.9823,11,Rua Doutor Catunda Gondim;Rua Demétrio Menezes;Avenida Mister Hull;BR-020;BR-222;OSM-primary_link;Avenida Humberto Monte;Rua Rio Grande do Sul;Rua Pernambuco;Rua Guimarães Passos;Avenida Coronel Matos Dourado;Viaduto Antônio Bezerra
OAE552,30244.0,encontrada,2.8943,4,BR-116;Avenida Raimundo Simplicio de Carvalho;Rua Antônio Saraiva,encontrada,2.8943,4,BR-116;Avenida Raimundo Simplicio de Carvalho;Rua Antônio Saraiva
OAE553,30245.0,encontrada,54.3682,10,BR-116;CE-253;OSM-tertiary;Rua Miguel Fialho da Silva;Rua Boanerges Jacó;CE-354;OSM-secondary,encontrada,54.3682,10,BR-116;CE-253;OSM-tertiary;Rua Miguel Fialho da Silva;Rua Boanerges Jacó;CE-354;OSM-secondary
OAE554,30246.0,encontrada,2.9365,4,BR-116;Rua Antônio Saraiva;Avenida Raimundo Simplicio de Carvalho,encontrada,2.9365,4,BR-116;Rua Antônio Saraiva;Avenida Raimundo Simplicio de Carvalho
OAE555,30247.0,encontrada,54.3681,10,BR-116;CE-253;OSM-tertiary;Rua Miguel Fialho da Silva;Rua Boanerges Jacó;CE-354;OSM-secondary,encontrada,54.3681,10,BR-116;CE-253;OSM-tertiary;Rua Miguel Fialho da Silva;Rua Boanerges Jacó;CE-354;OSM-secondary
OAE563,30255.0,encontrada,15.6132,4,BR-116;OSM-tertiary;CE-138,encontrada,157.1994,13,BR-116;Avenida Raimundo Simplicio de Carvalho;OSM-secondary;OSM-trunk_link;Rua Cônego Eduardo Araripe;Rua José Abel de Azevedo;Rua Coronel Cícero de Nogueira Queiroz;CE-253;CE-040;CE-497
OAE567,30259.0,encontrada,1.7044,1,BR-116,encontrada,1.7044,1,BR-116
OAE569,30261.0,encontrada,15.8148,11,BR-116;CE-251;CE-251;Rodovia Deputado Paulino Rocha;Avenida Jorge Cavalcate;Avenida Lidia Alves Cavalcante;OSM-secondary;BR-116;CE-350;BR-116;CE-350;CE-251;OSM-trunk_link,encontrada,32.5355,20,BR-116;CE-251;BR-116;OSM-trunk_link;BR-020;OSM-tertiary;Avenida Dionísio Leonel Alencar;Rua Raimundo Rodrigues Serpa;Rua Otávio de Matos;Avenida do Gavião;CE-251;Rodovia Deputado Paulino Rocha;Avenida Jorge Cavalcate;Avenida Lidia Alves Cavalcante;OSM-secondary;BR-116;CE-350;BR-116;CE-350;CE-251
OAE570,30262.0,encontrada,15.821,11,BR-116;CE-251;OSM-trunk_link;BR-116;CE-350;CE-251;BR-116;CE-350;OSM-secondary;Avenida Lidia Alves Cavalcante;Avenida Jorge Cavalcate;Rodovia Deputado Paulino Rocha;CE-251,encontrada,32.5417,20,BR-116;CE-251;OSM-trunk_link;BR-116;CE-350;CE-251;BR-116;CE-350;OSM-secondary;Avenida Lidia Alves Cavalcante;Avenida Jorge Cavalcate;Rodovia Deputado Paulino Rocha;CE-251;Avenida do Gavião;Rua Otávio de Matos;Rua Raimundo Rodrigues Serpa;Avenida Dionísio Leonel Alencar;BR-020;OSM-tertiary;BR-116
OAE571,30263.0,encontrada,34.8143,7,BR-116;CE-265;CE-358;CE-358;CE-377;OSM-tertiary;CE-377,encontrada,34.8143,7,BR-116;CE-265;CE-358;CE-358;CE-377;OSM-tertiary;CE-377
OAE572,30264.0,encontrada,59.2561,22,BR-116;CE-350;OSM-trunk_link;Rua Luiz Paula de Sousa;Avenida José Nicodemos de Assunção;Estrada da Cinzenta;Estrada da Aroeira;Estrada Patacas;Avenida Josué Leite de Freitas;CE-040;OSM-tertiary;Avenida José Nicodemos Assunção;Rua Ângelo Rodrigues Monteiro;CE-251;BR-116;CE-251;BR-116;CE-350;CE-251,encontrada,68.1991,26,BR-116;CE-350;OSM-trunk_link;Rua Luiz Paula de Sousa;Avenida José Nicodemos de Assunção;Estrada da Cinzenta;Estrada da Aroeira;Estrada Patacas;Avenida Josué Leite de Freitas;CE-040;OSM-tertiary;BR-020;BR-116;BR-116;CE-251;BR-116;CE-350;CE-251
OAE573,30265.0,encontrada,0.2229,1,OSM-trunk_link,encontrada,0.2229,1,OSM-trunk_link
OAE576,30268.0,encontrada,9.5911,11,BR-116;OSM-trunk_link;Rua Manoel Conrado Filho;Rua Chico Lira;Rua Antônio Ferreira dos Santos;Rua Guarany;Rua Manoel de Souza Falcão;Rua Expedito Chaves Cavalcante,encontrada,9.5911,11,BR-116;OSM-trunk_link;Rua Manoel Conrado Filho;Rua Chico Lira;Rua Antônio Ferreira dos Santos;Rua Guarany;Rua Manoel de Souza Falcão;Rua Expedito Chaves Cavalcante
OAE577,30269.0,encontrada,9.6152,11,BR-116;OSM-trunk_link;Rua Manoel Conrado Filho;Rua Chico Lira;Rua Antônio Ferreira dos Santos;Rua Guarany;Rua Manoel de Souza Falcão;Rua Expedito Chaves Cavalcante,encontrada,9.6152,11,BR-116;OSM-trunk_link;Rua Manoel Conrado Filho;Rua Chico Lira;Rua Antônio Ferreira dos Santos;Rua Guarany;Rua Manoel de Souza Falcão;Rua Expedito Chaves Cavalcante
OAE578,30270.0,encontrada,9.5913,11,BR-116;OSM-trunk_link;Rua Expedito Chaves Cavalcante;Rua Manoel de Souza Falcão;Rua Guarany;Rua Antônio Ferreira dos Santos;Rua Chico Lira;Rua Manoel Conrado Filho,encontrada,9.5913,11,BR-116;OSM-trunk_link;Rua Expedito Chaves Cavalcante;Rua Manoel de Souza Falcão;Rua Guarany;Rua Antônio Ferreira dos Santos;Rua Chico Lira;Rua Manoel Conrado Filho
OAE579,30271.0,encontrada,9.61,9,BR-116;OSM-trunk_link;Rua Expedito Chaves Cavalcante;Rua Manoel de Souza Falcão;Rua Guarany;Rua Antônio Ferreira dos Santos;Rua Chico Lira;Rua Manoel Conrado Filho,encontrada,9.61,9,BR-116;OSM-trunk_link;Rua Expedito Chaves Cavalcante;Rua Manoel de Souza Falcão;Rua Guarany;Rua Antônio Ferreira dos Santos;Rua Chico Lira;Rua Manoel Conrado Filho
OAE580,30272.0,encontrada,191.6581,13,BR-122;CE-265;Rua Capitão Manoel Antônio;Rodovia Luzia Brito de Sousa;Estrada para Açude dos Pinheiros;OSM-tertiary;CE-138;CE-356;BR-122;CE-359;OSM-primary_link;OSM-primary,encontrada,193.3971,16,BR-122;Avenida Jesus Maria e José;Rua Tenente Cravo;Rua Ader Ferreira Araújo;Avenida Plácido Castelo;CE-060;OSM-primary_link;CE-464;OSM-tertiary;BR-122;CE-359;OSM-primary
OAE581,30273.0,encontrada,218.8945,17,BR-122;CE-368;BR-122;CE-368;CE-153;CE-153;CE368;BR-122;CE-153;CE-368;BR-122;CE-266;CE-371;Avenida Manoel Castro de Andrade;Rua Cipriano Maia;Rua Coronel Tibúrcio;Rua Paulino Massaranduba;CE-265;Rua Tenente Cravo;CE-060;BR-122;CE-060;BR-122,grafo_desconexo,0.0,0,
OAE583,30275.0,encontrada,96.4483,6,BR-116;CE-138;CE-356;BR-122;CE-359;OSM-tertiary,encontrada,157.0361,13,BR-116;CE-497;CE-040;OSM-trunk_link;CE-253;Rua Coronel Cícero de Nogueira Queiroz;Rua José Abel de Azevedo;Rua Cônego Eduardo Araripe;OSM-secondary;Avenida Raimundo Simplicio de Carvalho
OAE584,30276.0,encontrada,178.7876,14,BR-122;BR-122;CE-359;CE-356;CE-060;OSM-primary_link;Avenida Plácido Castelo;Rua Ader Ferreira Araújo;Rua Tenente Cravo;Avenida Jesus Maria e José;OSM-primary,encontrada,193.4247,16,BR-122;BR-122;CE-359;CE-464;OSM-tertiary;CE-060;OSM-primary_link;Avenida Plácido Castelo;Rua Ader Ferreira Araújo;Rua Tenente Cravo;Avenida Jesus Maria e José;OSM-primary
OAE585,30277.0,encontrada,178.7607,14,BR-122;OSM-primary_link;OSM-primary;Avenida Jesus Maria e José;Rua Tenente Cravo;Rua Ader Ferreira Araújo;Avenida Plácido Castelo;CE-060;CE-356;BR-122;CE-359,encontrada,193.3978,16,BR-122;OSM-primary_link;OSM-primary;Avenida Jesus Maria e José;Rua Tenente Cravo;Rua Ader Ferreira Araújo;Avenida Plácido Castelo;CE-060;CE-464;OSM-tertiary;BR-122;CE-359
OAE588,30280.0,encontrada,8.6546,7,BR-122;Avenida Presidente Vargas;CE-060;CE-265;Rua Tenente Cravo,encontrada,8.6546,7,BR-122;Avenida Presidente Vargas;CE-060;CE-265;Rua Tenente Cravo
OAE589,30281.0,encontrada,218.8897,17,BR-122;CE-368;BR-122;CE-368;CE-153;CE-153;CE368;BR-122;CE-153;CE-368;BR-122;CE-266;CE-371;Avenida Manoel Castro de Andrade;Rua Cipriano Maia;Rua Coronel Tibúrcio;Rua Paulino Massaranduba;CE-265;Rua Tenente Cravo;CE-060;BR-122;CE-060;BR-122,grafo_desconexo,0.0,0,
OAE594,30286.0,encontrada,59.2859,22,BR-116;CE-350;OSM-trunk_link;Rua Luiz Paula de Sousa;Avenida José Nicodemos de Assunção;Estrada da Cinzenta;Estrada da Aroeira;Estrada Patacas;Avenida Josué Leite de Freitas;CE-040;OSM-tertiary;Avenida José Nicodemos Assunção;Rua Ângelo Rodrigues Monteiro;CE-251;BR-116;CE-251;BR-116;CE-350;CE-251,encontrada,68.2289,26,BR-116;CE-350;OSM-trunk_link;Rua Luiz Paula de Sousa;Avenida José Nicodemos de Assunção;Estrada da Cinzenta;Estrada da Aroeira;Estrada Patacas;Avenida Josué Leite de Freitas;CE-040;OSM-tertiary;BR-020;BR-116;BR-116;CE-251;BR-116;CE-350;CE-251
OAE595,30287.0,encontrada,12.2132,8,BR-116;Estrada do Jaboti;OSM-tertiary_link;Avenida Atlântica;BR-020;OSM-trunk_link,encontrada,12.2132,8,BR-116;Estrada do Jaboti;OSM-tertiary_link;Avenida Atlântica;BR-020;OSM-trunk_link
OAE596,30288.0,encontrada,12.1977,8,BR-116;Estrada do Jaboti;OSM-tertiary_link;Avenida Atlântica;BR-020;OSM-trunk_link,encontrada,12.1977,8,BR-116;Estrada do Jaboti;OSM-tertiary_link;Avenida Atlântica;BR-020;OSM-trunk_link
OAE600,30292.0,encontrada,24.0819,10,BR-116;OSM-tertiary;Rua Francisco Carneiro Araújo;Rua Luiz Araújo;Rua José Antônio de Castro;Rua José Ferreira Sombra;CE-358;CE-265;CE-358;CE-265,encontrada,24.0819,10,BR-116;OSM-tertiary;Rua Francisco Carneiro Araújo;Rua Luiz Araújo;Rua José Antônio de Castro;Rua José Ferreira Sombra;CE-358;CE-265;CE-358;CE-265
OAE601,30293.0,encontrada,124.6978,7,BR-116;CE-138;OSM-tertiary;CE-040;CE-497,grafo_desconexo,0.0,0,
OAE602,30294.0,encontrada,12.2663,8,BR-116;Estrada do Jaboti;OSM-tertiary_link;Avenida Atlântica;BR-020;OSM-trunk_link,encontrada,12.2663,8,BR-116;Estrada do Jaboti;OSM-tertiary_link;Avenida Atlântica;BR-020;OSM-trunk_link
OAE603,30295.0,encontrada,12.2029,8,BR-116;OSM-trunk_link;BR-020;Avenida Atlântica;Estrada do Jaboti;OSM-tertiary_link,encontrada,12.2029,8,BR-116;OSM-trunk_link;BR-020;Avenida Atlântica;Estrada do Jaboti;OSM-tertiary_link
OAE604,30296.0,encontrada,12.195,8,BR-116;OSM-trunk_link;BR-020;Avenida Atlântica;Estrada do Jaboti;OSM-tertiary_link,encontrada,12.195,8,BR-116;OSM-trunk_link;BR-020;Avenida Atlântica;Estrada do Jaboti;OSM-tertiary_link
OAE606,30298.0,encontrada,178.7783,14,BR-122;OSM-primary;OSM-primary_link;BR-122;CE-359;CE-356;CE-060;Avenida Plácido Castelo;Rua Ader Ferreira Araújo;Rua Tenente Cravo;Avenida Jesus Maria e José,encontrada,193.4155,16,BR-122;OSM-primary;OSM-primary_link;BR-122;CE-359;CE-464;OSM-tertiary;CE-060;Avenida Plácido Castelo;Rua Ader Ferreira Araújo;Rua Tenente Cravo;Avenida Jesus Maria e José
OAE608,30300.0,encontrada,109.9695,9,BR-116;OSM-trunk;BR-304;OSM-primary;CE-123;CE-371;Rua Miguel Rodrigues Santiago,encontrada,109.9695,9,BR-116;OSM-trunk;BR-304;OSM-primary;CE-123;CE-371;Rua Miguel Rodrigues Santiago
OAE609,30301.0,encontrada,34.1465,7,BR-116;CE-265;CE-358;CE-358;CE-377;OSM-tertiary;CE-377,encontrada,34.1465,7,BR-116;CE-265;CE-358;CE-358;CE-377;OSM-tertiary;CE-377
OAE610,30302.0,encontrada,24.1844,8,BR-020;CE-251;Estrada para Caraussanga;Rodovia Raimundo Pessoa de Araújo;OSM-trunk_link,encontrada,110.4328,15,BR-020;OSM-trunk_link;CE-354;CE-455;CE-065;Avenida Doutor Stênio Gomes;Rua Chico Anísio;Rua Capitão Jeová Colares;Rua Doutor Argeu Braga Herbster
OAE613,30305.0,encontrada,60.5844,9,BR-116;CE-371;CE-356;OSM-tertiary;Rua Pedro Alves de Sousa;Rua Francisco Bandeira de Melo;CE-522;OSM-trunk_link,encontrada,67.4688,8,BR-116;CE-371;Rua Miguel Rodrigues Santiago;CE-123;CE-123;CE-263;CE-263
OAE615,30307.0,encontrada,218.9181,17,BR-122;CE-368;BR-122;CE-368;CE-153;CE-153;CE368;BR-122;CE-153;CE-368;BR-122;CE-266;CE-371;Avenida Manoel Castro de Andrade;Rua Cipriano Maia;Rua Coronel Tibúrcio;Rua Paulino Massaranduba;CE-265;Rua Tenente Cravo;CE-060;BR-122;CE-060;BR-122,grafo_desconexo,0.0,0,
OAE616,30308.0,encontrada,109.9256,9,BR-116;OSM-trunk;BR-304;OSM-primary;CE-123;CE-371;Rua Miguel Rodrigues Santiago,encontrada,109.9256,9,BR-116;OSM-trunk;BR-304;OSM-primary;CE-123;CE-371;Rua Miguel Rodrigues Santiago
OAE617,30309.0,encontrada,10.9952,9,CE-085;Avenida Coronel Correia;Rua Coronel Correia;Rua Doutor João Hipólito;Rua Juací Sampaio Pontes;Avenida da Integração;BR-020;BR-222;OSM-trunk_link,encontrada,10.9952,9,CE-085;Avenida Coronel Correia;Rua Coronel Correia;Rua Doutor João Hipólito;Rua Juací Sampaio Pontes;Avenida da Integração;BR-020;BR-222;OSM-trunk_link
OAE619,30311.0,encontrada,60.5582,9,BR-116;OSM-trunk_link;CE-522;Rua Francisco Bandeira de Melo;Rua Pedro Alves de Sousa;OSM-tertiary;CE-371;CE-356,encontrada,67.4425,8,BR-116;CE-263;CE-123;CE-263;CE-123;CE-371;Rua Miguel Rodrigues Santiago
OAE624,30316.0,encontrada,178.7877,14,BR-122;Avenida Jesus Maria e José;Rua Tenente Cravo;Rua Ader Ferreira Araújo;Avenida Plácido Castelo;CE-060;OSM-primary_link;CE-356;BR-122;CE-359;OSM-primary,encontrada,193.4248,16,BR-122;Avenida Jesus Maria e José;Rua Tenente Cravo;Rua Ader Ferreira Araújo;Avenida Plácido Castelo;CE-060;OSM-primary_link;CE-464;OSM-tertiary;BR-122;CE-359;OSM-primary
OAE630,30322.0,encontrada,24.2695,10,BR-116;OSM-tertiary;Rua Francisco Carneiro Araújo;Rua Luiz Araújo;Rua José Antônio de Castro;Rua José Ferreira Sombra;CE-358;CE-265;CE-358;CE-265,encontrada,24.2695,10,BR-116;OSM-tertiary;Rua Francisco Carneiro Araújo;Rua Luiz Araújo;Rua José Antônio de Castro;Rua José Ferreira Sombra;CE-358;CE-265;CE-358;CE-265
OAE631,30323.0,encontrada,24.3264,10,BR-116;OSM-tertiary;Rua Francisco Carneiro Araújo;Rua Luiz Araújo;Rua José Antônio de Castro;Rua José Ferreira Sombra;CE-358;CE-265;CE-358;CE-265,encontrada,24.3264,10,BR-116;OSM-tertiary;Rua Francisco Carneiro Araújo;Rua Luiz Araújo;Rua José Antônio de Castro;Rua José Ferreira Sombra;CE-358;CE-265;CE-358;CE-265
OAE632,30324.0,encontrada,150.2823,11,BR-116;CE-269;Avenida Vereador Sobrinho;OSM-secondary;CE-546;OSM-secondary_link;CE-371;CE-265,encontrada,150.3388,11,BR-116;CE-269;Avenida Vereador Sobrinho;OSM-secondary;CE-546;OSM-secondary_link;CE-371;CE-265
OAE633,30325.0,encontrada,54.7851,8,OSM-tertiary;CE-266;CE-265;CE-358;CE-377;CE-358;BR-437;CE-358;BR-437;CE-266,encontrada,54.7851,8,OSM-tertiary;CE-266;CE-265;CE-358;CE-377;CE-358;BR-437;CE-358;BR-437;CE-266
OAE634,30326.0,encontrada,54.7834,8,CE-358;CE-358;CE-377;OSM-tertiary;CE-265;CE-266;BR-437;CE-266;BR-437;CE-358,encontrada,54.7834,8,CE-358;CE-358;CE-377;OSM-tertiary;CE-265;CE-266;BR-437;CE-266;BR-437;CE-358
OAE635,30327.0,encontrada,40.1385,9,BR-304;OSM-primary;CE-123;CE-371;Avenida João Barbosa Lima;OSM-secondary;Avenida Olímpica,encontrada,242.3483,23,BR-304;OSM-primary;CE-123;CE-123;CE-263;CE-263;BR-116;Ligação á BR-116;CE-356;CE-123;CE-356;CE-377;RN-015;Rodovia Wilson Galdino de Andrade;OSM-primary_link;OSM-trunk_link
OAE637,30329.0,encontrada,131.8129,15,BR-304;OSM-trunk_link;CE-263;Rua João Francisco Rodrigues;Vila Santana;OSM-primary;CE-123;CE-371;Avenida João Barbosa Lima;OSM-secondary;Avenida Olímpica,encontrada,243.0393,23,BR-304;OSM-trunk_link;OSM-primary_link;RN-015;Rodovia Wilson Galdino de Andrade;CE-377;OSM-primary;CE-356;CE-123;CE-356;Ligação á BR-116;BR-116;CE-263;CE-123;CE-263;CE-123
OAE643,30335.0,encontrada,67.4274,8,BR-116;CE-263;CE-123;CE-263;CE-123;CE-371;Rua Miguel Rodrigues Santiago,encontrada,67.4274,8,BR-116;CE-263;CE-123;CE-263;CE-123;CE-371;Rua Miguel Rodrigues Santiago
OAE644,30336.0,encontrada,104.364,10,BR-020;CE-266;OSM-tertiary;Estrada para Boa Viagem;Rua Luiz Vieira de Sousa;Rua José Vieira Neto;Rua Belarmino Matos Carneiro,encontrada,104.364,10,BR-020;CE-266;OSM-tertiary;Estrada para Boa Viagem;Rua Luiz Vieira de Sousa;Rua José Vieira Neto;Rua Belarmino Matos Carneiro
OAE645,30337.0,encontrada,218.8713,17,BR-122;CE-368;BR-122;BR-122;CE-060;CE-060;CE-265;Rua Tenente Cravo;Rua Paulino Massaranduba;Rua Coronel Tibúrcio;Rua Cipriano Maia;Avenida Manoel Castro de Andrade;CE-371;CE-266;CE-153;CE-368;BR-122;CE-153;CE368;BR-122;BR-122;CE-368;CE-153,grafo_desconexo,0.0,0,
OAE646,30338.0,encontrada,40.493,11,CE-216;BR-402;OSM-primary_link;BR-402;BR-403;CE-178;BR-402;BR-403;BR-403;BR-403;CE-354;CE-178;BR-403;CE-178;CE-354;CE-179,encontrada,67.6639,9,CE-216;BR-402;BR-403;BR-403;CE-085;CE-085;OSM-trunk;OSM-primary;Avenida Tenente Albano;CE-179
OAE648,30340.0,encontrada,54.7729,9,BR-437;CE-266;OSM-tertiary;CE-266;CE-265;CE-358;CE-377;CE-358;BR-437;CE-358,encontrada,54.7729,9,BR-437;CE-266;OSM-tertiary;CE-266;CE-265;CE-358;CE-377;CE-358;BR-437;CE-358
OAE649,30341.0,encontrada,164.7484,23,BR-116;CE-269;Avenida Vereador Sobrinho;OSM-secondary;CE-546;OSM-secondary_link;CE-371;Avenida Governador Manoel de Castro Filho;Avenida do Contorno;Rua José Guerra;Estrada para Jaguaribe;CE-368;BR-226;CE-368;CE-275;Avenida Almir Tavora;Avenida Virgílio Távora;Rua Maria Cecilia Diogenes;Rua Sigefredo Diógenes,encontrada,164.7484,23,BR-116;CE-269;Avenida Vereador Sobrinho;OSM-secondary;CE-546;OSM-secondary_link;CE-371;Avenida Governador Manoel de Castro Filho;Avenida do Contorno;Rua José Guerra;Estrada para Jaguaribe;CE-368;BR-226;CE-368;CE-275;Avenida Almir Tavora;Avenida Virgílio Távora;Rua Maria Cecilia Diogenes;Rua Sigefredo Diógenes
OAE650,30342.0,encontrada,164.4627,23,BR-116;OSM-secondary;Rua Sigefredo Diógenes;Rua Maria Cecilia Diogenes;Avenida Virgílio Távora;Avenida Almir Tavora;CE-275;BR-226;CE-368;CE-368;CE-371;Estrada para Jaguaribe;Rua José Guerra;Avenida do Contorno;Avenida Governador Manoel de Castro Filho;CE-269;OSM-secondary_link;CE-546;Avenida Vereador Sobrinho,encontrada,164.4627,23,BR-116;OSM-secondary;Rua Sigefredo Diógenes;Rua Maria Cecilia Diogenes;Avenida Virgílio Távora;Avenida Almir Tavora;CE-275;BR-226;CE-368;CE-368;CE-371;Estrada para Jaguaribe;Rua José Guerra;Avenida do Contorno;Avenida Governador Manoel de Castro Filho;CE-269;OSM-secondary_link;CE-546;Avenida Vereador Sobrinho
OAE654,30346.0,encontrada,4.7671,6,BR-116;Avenida Oito de Novembro;Avenida Oito de novembro;Rua Sigefredo Diógenes;Rua Raimundo Albani,encontrada,4.7671,6,BR-116;Avenida Oito de Novembro;Avenida Oito de novembro;Rua Sigefredo Diógenes;Rua Raimundo Albani
OAE655,30347.0,encontrada,73.3504,10,BR-404;CE-189;Avenida Raimundo Evaristo;Rua Aleixo Vieira;OSM-tertiary;Rua Saturnino Abreu Memória;CE-265;Rua Luís Vieira Torres;Rua João Almeida Filho;CE-189,encontrada,73.3504,10,BR-404;CE-189;Avenida Raimundo Evaristo;Rua Aleixo Vieira;OSM-tertiary;Rua Saturnino Abreu Memória;CE-265;Rua Luís Vieira Torres;Rua João Almeida Filho;CE-189
OAE657,30349.0,encontrada,150.2235,11,BR-116;CE-269;Avenida Vereador Sobrinho;OSM-secondary;CE-546;OSM-secondary_link;CE-371;CE-265,encontrada,150.28,11,BR-116;CE-269;Avenida Vereador Sobrinho;OSM-secondary;CE-546;OSM-secondary_link;CE-371;CE-265
OAE658,30350.0,encontrada,0.6794,4,CE-168;BR-402;CE-354;Rua José de Alencar,encontrada,0.6794,4,CE-168;BR-402;CE-354;Rua José de Alencar
OAE660,30352.0,encontrada,2.9426,7,Avenida Governador Parsifal Barroso;Avenida Sargento Hermínio Sampaio;Avenida Olavo Bilac;Avenida Bezerra de Menezes;Rua José de Pontes;Rua Gustavo Sampaio;OSM-primary_link,encontrada,2.9426,7,Avenida Governador Parsifal Barroso;Avenida Sargento Hermínio Sampaio;Avenida Olavo Bilac;Avenida Bezerra de Menezes;Rua José de Pontes;Rua Gustavo Sampaio;OSM-primary_link
OAE661,30353.0,encontrada,218.8278,17,CE-153;CE-368;BR-122;CE-153;CE368;BR-122;BR-122;CE-368;CE-153;BR-122;CE-368;BR-122;BR-122;CE-060;CE-060;CE-265;Rua Tenente Cravo;Rua Paulino Massaranduba;Rua Coronel Tibúrcio;Rua Cipriano Maia;Avenida Manoel Castro de Andrade;CE-371;CE-266,encontrada,218.8278,17,CE-153;CE-368;BR-122;CE-153;CE368;BR-122;BR-122;CE-368;CE-153;BR-122;CE-368;BR-122;BR-122;CE-060;CE-060;CE-265;Rua Tenente Cravo;Rua Paulino Massaranduba;Rua Coronel Tibúrcio;Rua Cipriano Maia;Avenida Manoel Castro de Andrade;CE-371;CE-266
OAE662,30354.0,encontrada,40.1576,9,BR-304;Avenida Olímpica;OSM-secondary;CE-371;Avenida João Barbosa Lima;CE-123;OSM-primary,encontrada,242.3674,23,BR-304;OSM-trunk_link;OSM-primary_link;RN-015;Rodovia Wilson Galdino de Andrade;CE-377;OSM-primary;CE-356;CE-123;CE-356;Ligação á BR-116;BR-116;CE-263;CE-123;CE-263;CE-123
OAE663,30355.0,encontrada,34.5643,9,BR-222;OSM-tertiary;Estrada Garrote;Estrada do Garrote;CE-085;Rua José Holanda Nogueira;Avenida Cruzeiro do Sul,encontrada,34.5643,9,BR-222;OSM-tertiary;Estrada Garrote;Estrada do Garrote;CE-085;Rua José Holanda Nogueira;Avenida Cruzeiro do Sul
OAE664,30356.0,encontrada,34.576,9,BR-222;Avenida Cruzeiro do Sul;Rua José Holanda Nogueira;CE-085;Estrada do Garrote;Estrada Garrote;OSM-tertiary,encontrada,34.576,9,BR-222;Avenida Cruzeiro do Sul;Rua José Holanda Nogueira;CE-085;Estrada do Garrote;Estrada Garrote;OSM-tertiary
OAE665,30357.0,encontrada,39.9048,9,OSM-trunk_link;BR-222;CE-156;CE-085;OSM-tertiary;Estrada da Área da Petrobrás;CE-348,encontrada,39.9048,9,OSM-trunk_link;BR-222;CE-156;CE-085;OSM-tertiary;Estrada da Área da Petrobrás;CE-348
OAE666,30358.0,encontrada,39.9137,8,BR-222;CE-348;Estrada da Área da Petrobrás;OSM-tertiary;OSM-trunk_link;CE-085;CE-156,encontrada,39.9137,8,BR-222;CE-348;Estrada da Área da Petrobrás;OSM-tertiary;OSM-trunk_link;CE-085;CE-156
OAE668,30360.0,encontrada,18.8843,5,BR-222;OSM-tertiary;Estrada Garrote;CE-348,encontrada,18.8843,5,BR-222;OSM-tertiary;Estrada Garrote;CE-348
OAE669,30361.0,encontrada,51.4862,5,BR-226;CE-060;OSM-tertiary;CE-060;Rodovia do Algodão,encontrada,51.4862,5,BR-226;CE-060;OSM-tertiary;CE-060;Rodovia do Algodão
OAE6835,,encontrada,0.6868,5,BR-402;CE-354;CE-168;Rua José de Alencar,encontrada,0.6868,5,BR-402;CE-354;CE-168;Rua José de Alencar
OAE6836,,encontrada,40.9348,9,BR-304;Avenida Olímpica;OSM-secondary;CE-371;Avenida João Barbosa Lima;CE-123;OSM-primary,encontrada,243.1446,23,BR-304;OSM-trunk_link;OSM-primary_link;RN-015;Rodovia Wilson Galdino de Andrade;CE-377;OSM-primary;CE-356;CE-123;CE-356;Ligação á BR-116;BR-116;CE-263;CE-123;CE-263;CE-123
OAE7291,,encontrada,2.9533,4,Avenida Raimundo Simplicio de Carvalho;Rua Antônio Saraiva;BR-116,encontrada,2.9533,4,Avenida Raimundo Simplicio de Carvalho;Rua Antônio Saraiva;BR-116
OAE7322,,encontrada,2.937,4,Avenida Raimundo Simplicio de Carvalho;BR-116;Rua Antônio Saraiva,encontrada,2.937,4,Avenida Raimundo Simplicio de Carvalho;BR-116;Rua Antônio Saraiva
